month,product_id,product_name,category,demand,revenue,number_of_orders,lag_1,lag_2,lag_3,rolling_mean_3,month_number
2024-01-01,P1000,Wireless Earbuds,Electronics,101,445623.84,34,102.0,102.0,98.0,100.66666666666667,1
2024-02-01,P1000,Wireless Earbuds,Electronics,99,438843.91,34,101.0,102.0,102.0,101.66666666666667,2
2024-03-01,P1000,Wireless Earbuds,Electronics,96,428633.75,35,99.0,101.0,102.0,100.66666666666667,3
2024-04-01,P1000,Wireless Earbuds,Electronics,111,500301.53,37,96.0,99.0,101.0,98.66666666666667,4
2024-05-01,P1000,Wireless Earbuds,Electronics,100,443916.28,34,111.0,96.0,99.0,102.0,5
2024-06-01,P1000,Wireless Earbuds,Electronics,77,344495.3,30,100.0,111.0,96.0,102.33333333333333,6
2024-07-01,P1000,Wireless Earbuds,Electronics,110,493920.03,37,77.0,100.0,111.0,96.0,7
2024-08-01,P1000,Wireless Earbuds,Electronics,111,499594.24,34,110.0,77.0,100.0,95.66666666666667,8
2024-09-01,P1000,Wireless Earbuds,Electronics,79,355166.98,31,111.0,110.0,77.0,99.33333333333333,9
2024-10-01,P1000,Wireless Earbuds,Electronics,126,555140.13,36,79.0,111.0,110.0,100.0,10
2024-11-01,P1000,Wireless Earbuds,Electronics,100,447315.79,31,126.0,79.0,111.0,105.33333333333333,11
2024-12-01,P1000,Wireless Earbuds,Electronics,102,453970.21,37,100.0,126.0,79.0,101.66666666666667,12
2025-01-01,P1000,Wireless Earbuds,Electronics,83,376015.87,31,102.0,100.0,126.0,109.33333333333333,1
2025-02-01,P1000,Wireless Earbuds,Electronics,81,353106.01,30,83.0,102.0,100.0,95.0,2
2025-03-01,P1000,Wireless Earbuds,Electronics,99,436065.67,36,81.0,83.0,102.0,88.66666666666667,3
2025-04-01,P1000,Wireless Earbuds,Electronics,93,413617.74,31,99.0,81.0,83.0,87.66666666666667,4
2025-05-01,P1000,Wireless Earbuds,Electronics,104,466167.52,33,93.0,99.0,81.0,91.0,5
2025-06-01,P1000,Wireless Earbuds,Electronics,99,440351.49,33,104.0,93.0,99.0,98.66666666666667,6
2025-07-01,P1000,Wireless Earbuds,Electronics,89,394827.68,35,99.0,104.0,93.0,98.66666666666667,7
2025-08-01,P1000,Wireless Earbuds,Electronics,110,494654.68,32,89.0,99.0,104.0,97.33333333333333,8
2025-09-01,P1000,Wireless Earbuds,Electronics,105,462528.0,33,110.0,89.0,99.0,99.33333333333333,9
2024-01-01,P1001,Smartwatch,Electronics,193,605702.83,42,176.0,153.0,204.0,177.66666666666666,1
2024-02-01,P1001,Smartwatch,Electronics,151,475263.52,36,193.0,176.0,153.0,174.0,2
2024-03-01,P1001,Smartwatch,Electronics,225,711998.2,45,151.0,193.0,176.0,173.33333333333334,3
2024-04-01,P1001,Smartwatch,Electronics,187,592369.95,39,225.0,151.0,193.0,189.66666666666666,4
2024-05-01,P1001,Smartwatch,Electronics,186,585546.7,41,187.0,225.0,151.0,187.66666666666666,5
2024-06-01,P1001,Smartwatch,Electronics,157,499420.81,36,186.0,187.0,225.0,199.33333333333334,6
2024-07-01,P1001,Smartwatch,Electronics,165,517111.43,35,157.0,186.0,187.0,176.66666666666666,7
2024-08-01,P1001,Smartwatch,Electronics,180,565183.85,40,165.0,157.0,186.0,169.33333333333334,8
2024-09-01,P1001,Smartwatch,Electronics,139,440582.46,34,180.0,165.0,157.0,167.33333333333334,9
2024-10-01,P1001,Smartwatch,Electronics,200,629632.86,40,139.0,180.0,165.0,161.33333333333334,10
2024-11-01,P1001,Smartwatch,Electronics,191,602446.95,35,200.0,139.0,180.0,173.0,11
2024-12-01,P1001,Smartwatch,Electronics,169,533655.33,38,191.0,200.0,139.0,176.66666666666666,12
2025-01-01,P1001,Smartwatch,Electronics,205,652262.24,40,169.0,191.0,200.0,186.66666666666666,1
2025-02-01,P1001,Smartwatch,Electronics,180,570976.65,31,205.0,169.0,191.0,188.33333333333334,2
2025-03-01,P1001,Smartwatch,Electronics,142,447905.72,39,180.0,205.0,169.0,184.66666666666666,3
2025-04-01,P1001,Smartwatch,Electronics,126,394336.03,35,142.0,180.0,205.0,175.66666666666666,4
2025-05-01,P1001,Smartwatch,Electronics,189,598462.8200000001,38,126.0,142.0,180.0,149.33333333333334,5
2025-06-01,P1001,Smartwatch,Electronics,194,603796.74,37,189.0,126.0,142.0,152.33333333333334,6
2025-07-01,P1001,Smartwatch,Electronics,154,486375.25,32,194.0,189.0,126.0,169.66666666666666,7
2025-08-01,P1001,Smartwatch,Electronics,210,661508.74,38,154.0,194.0,189.0,179.0,8
2025-09-01,P1001,Smartwatch,Electronics,187,591925.29,38,210.0,154.0,194.0,186.0,9
2024-01-01,P1002,Bluetooth Speaker,Electronics,312,543009.14,45,290.0,250.0,298.0,279.3333333333333,1
2024-02-01,P1002,Bluetooth Speaker,Electronics,283,498403.52,44,312.0,290.0,250.0,284.0,2
2024-03-01,P1002,Bluetooth Speaker,Electronics,356,618050.8,47,283.0,312.0,290.0,295.0,3
2024-04-01,P1002,Bluetooth Speaker,Electronics,374,650860.82,44,356.0,283.0,312.0,317.0,4
2024-05-01,P1002,Bluetooth Speaker,Electronics,486,849698.5,45,374.0,356.0,283.0,337.6666666666667,5
2024-06-01,P1002,Bluetooth Speaker,Electronics,424,737711.31,47,486.0,374.0,356.0,405.3333333333333,6
2024-07-01,P1002,Bluetooth Speaker,Electronics,431,752340.92,41,424.0,486.0,374.0,428.0,7
2024-08-01,P1002,Bluetooth Speaker,Electronics,470,808082.5,48,431.0,424.0,486.0,447.0,8
2024-09-01,P1002,Bluetooth Speaker,Electronics,291,505679.26,49,470.0,431.0,424.0,441.6666666666667,9
2024-10-01,P1002,Bluetooth Speaker,Electronics,317,550816.88,45,291.0,470.0,431.0,397.3333333333333,10
2024-11-01,P1002,Bluetooth Speaker,Electronics,260,442873.57,45,317.0,291.0,470.0,359.3333333333333,11
2024-12-01,P1002,Bluetooth Speaker,Electronics,289,503048.16,47,260.0,317.0,291.0,289.3333333333333,12
2025-01-01,P1002,Bluetooth Speaker,Electronics,276,472640.51,49,289.0,260.0,317.0,288.6666666666667,1
2025-02-01,P1002,Bluetooth Speaker,Electronics,276,481114.6,36,276.0,289.0,260.0,275.0,2
2025-03-01,P1002,Bluetooth Speaker,Electronics,388,678410.67,46,276.0,276.0,289.0,280.3333333333333,3
2025-04-01,P1002,Bluetooth Speaker,Electronics,396,688359.11,42,388.0,276.0,276.0,313.3333333333333,4
2025-05-01,P1002,Bluetooth Speaker,Electronics,466,816573.35,46,396.0,388.0,276.0,353.3333333333333,5
2025-06-01,P1002,Bluetooth Speaker,Electronics,450,785197.99,46,466.0,396.0,388.0,416.6666666666667,6
2025-07-01,P1002,Bluetooth Speaker,Electronics,379,662515.21,43,450.0,466.0,396.0,437.3333333333333,7
2025-08-01,P1002,Bluetooth Speaker,Electronics,445,767692.12,45,379.0,450.0,466.0,431.6666666666667,8
2025-09-01,P1002,Bluetooth Speaker,Electronics,365,630982.49,49,445.0,379.0,450.0,424.6666666666667,9
2024-01-01,P1003,Power Bank,Electronics,105,186159.92,36,96.0,84.0,73.0,84.33333333333333,1
2024-02-01,P1003,Power Bank,Electronics,76,136295.77,30,105.0,96.0,84.0,95.0,2
2024-03-01,P1003,Power Bank,Electronics,80,142984.56,33,76.0,105.0,96.0,92.33333333333333,3
2024-04-01,P1003,Power Bank,Electronics,63,112371.54,27,80.0,76.0,105.0,87.0,4
2024-05-01,P1003,Power Bank,Electronics,90,158558.4,36,63.0,80.0,76.0,73.0,5
2024-06-01,P1003,Power Bank,Electronics,70,124842.76,33,90.0,63.0,80.0,77.66666666666667,6
2024-07-01,P1003,Power Bank,Electronics,77,136409.9,31,70.0,90.0,63.0,74.33333333333333,7
2024-08-01,P1003,Power Bank,Electronics,93,166184.85,34,77.0,70.0,90.0,79.0,8
2024-09-01,P1003,Power Bank,Electronics,92,165647.53,31,93.0,77.0,70.0,80.0,9
2024-10-01,P1003,Power Bank,Electronics,90,162309.19,32,92.0,93.0,77.0,87.33333333333333,10
2024-11-01,P1003,Power Bank,Electronics,75,135544.37,31,90.0,92.0,93.0,91.66666666666667,11
2024-12-01,P1003,Power Bank,Electronics,101,183973.85,34,75.0,90.0,92.0,85.66666666666667,12
2025-01-01,P1003,Power Bank,Electronics,80,143379.13,31,101.0,75.0,90.0,88.66666666666667,1
2025-02-01,P1003,Power Bank,Electronics,67,118969.51,27,80.0,101.0,75.0,85.33333333333333,2
2025-03-01,P1003,Power Bank,Electronics,76,134925.25,28,67.0,80.0,101.0,82.66666666666667,3
2025-04-01,P1003,Power Bank,Electronics,87,153935.84,28,76.0,67.0,80.0,74.33333333333333,4
2025-05-01,P1003,Power Bank,Electronics,76,137746.38,32,87.0,76.0,67.0,76.66666666666667,5
2025-06-01,P1003,Power Bank,Electronics,62,111471.88,29,76.0,87.0,76.0,79.66666666666667,6
2025-07-01,P1003,Power Bank,Electronics,91,161743.34,34,62.0,76.0,87.0,75.0,7
2025-08-01,P1003,Power Bank,Electronics,86,154046.9,32,91.0,62.0,76.0,76.33333333333333,8
2025-09-01,P1003,Power Bank,Electronics,95,170501.88,35,86.0,91.0,62.0,79.66666666666667,9
2024-01-01,P1004,USB-C Cable,Electronics,188,672880.9,46,231.0,205.0,201.0,212.33333333333334,1
2024-02-01,P1004,USB-C Cable,Electronics,181,657696.37,42,188.0,231.0,205.0,208.0,2
2024-03-01,P1004,USB-C Cable,Electronics,203,733045.49,44,181.0,188.0,231.0,200.0,3
2024-04-01,P1004,USB-C Cable,Electronics,190,687450.3300000001,46,203.0,181.0,188.0,190.66666666666666,4
2024-05-01,P1004,USB-C Cable,Electronics,202,727993.4400000001,42,190.0,203.0,181.0,191.33333333333334,5
2024-06-01,P1004,USB-C Cable,Electronics,209,752298.38,45,202.0,190.0,203.0,198.33333333333334,6
2024-07-01,P1004,USB-C Cable,Electronics,224,811232.05,50,209.0,202.0,190.0,200.33333333333334,7
2024-08-01,P1004,USB-C Cable,Electronics,244,887434.63,46,224.0,209.0,202.0,211.66666666666666,8
2024-09-01,P1004,USB-C Cable,Electronics,240,870260.54,47,244.0,224.0,209.0,225.66666666666666,9
2024-10-01,P1004,USB-C Cable,Electronics,231,844459.0,45,240.0,244.0,224.0,236.0,10
2024-11-01,P1004,USB-C Cable,Electronics,238,857342.75,52,231.0,240.0,244.0,238.33333333333334,11
2024-12-01,P1004,USB-C Cable,Electronics,267,971382.2,44,238.0,231.0,240.0,236.33333333333334,12
2025-01-01,P1004,USB-C Cable,Electronics,256,917423.0,45,267.0,238.0,231.0,245.33333333333334,1
2025-02-01,P1004,USB-C Cable,Electronics,249,896205.9400000001,36,256.0,267.0,238.0,253.66666666666666,2
2025-03-01,P1004,USB-C Cable,Electronics,258,942597.07,47,249.0,256.0,267.0,257.3333333333333,3
2025-04-01,P1004,USB-C Cable,Electronics,264,954985.1,41,258.0,249.0,256.0,254.33333333333334,4
2025-05-01,P1004,USB-C Cable,Electronics,251,898877.09,45,264.0,258.0,249.0,257.0,5
2025-06-01,P1004,USB-C Cable,Electronics,285,1029617.67,47,251.0,264.0,258.0,257.6666666666667,6
2025-07-01,P1004,USB-C Cable,Electronics,250,905954.82,46,285.0,251.0,264.0,266.6666666666667,7
2025-08-01,P1004,USB-C Cable,Electronics,301,1075496.75,47,250.0,285.0,251.0,262.0,8
2025-09-01,P1004,USB-C Cable,Electronics,339,1231071.31,46,301.0,250.0,285.0,278.6666666666667,9
2024-01-01,P1005,Laptop Stand,Electronics,446,1986539.24,50,430.0,469.0,428.0,442.3333333333333,1
2024-02-01,P1005,Laptop Stand,Electronics,413,1831106.34,48,446.0,430.0,469.0,448.3333333333333,2
2024-03-01,P1005,Laptop Stand,Electronics,479,2124208.23,45,413.0,446.0,430.0,429.6666666666667,3
2024-04-01,P1005,Laptop Stand,Electronics,520,2303408.9,44,479.0,413.0,446.0,446.0,4
2024-05-01,P1005,Laptop Stand,Electronics,524,2316394.65,48,520.0,479.0,413.0,470.6666666666667,5
2024-06-01,P1005,Laptop Stand,Electronics,513,2260436.52,46,524.0,520.0,479.0,507.6666666666667,6
2024-07-01,P1005,Laptop Stand,Electronics,531,2350080.0,50,513.0,524.0,520.0,519.0,7
2024-08-01,P1005,Laptop Stand,Electronics,559,2467961.96,46,531.0,513.0,524.0,522.6666666666666,8
2024-09-01,P1005,Laptop Stand,Electronics,500,2215120.21,41,559.0,531.0,513.0,534.3333333333334,9
2024-10-01,P1005,Laptop Stand,Electronics,549,2423200.09,49,500.0,559.0,531.0,530.0,10
2024-11-01,P1005,Laptop Stand,Electronics,574,2524581.89,49,549.0,500.0,559.0,536.0,11
2024-12-01,P1005,Laptop Stand,Electronics,621,2747962.36,48,574.0,549.0,500.0,541.0,12
2025-01-01,P1005,Laptop Stand,Electronics,609,2718893.08,47,621.0,574.0,549.0,581.3333333333334,1
2025-02-01,P1005,Laptop Stand,Electronics,493,2211762.8,42,609.0,621.0,574.0,601.3333333333334,2
2025-03-01,P1005,Laptop Stand,Electronics,556,2465252.88,46,493.0,609.0,621.0,574.3333333333334,3
2025-04-01,P1005,Laptop Stand,Electronics,615,2735968.99,45,556.0,493.0,609.0,552.6666666666666,4
2025-05-01,P1005,Laptop Stand,Electronics,698,3120956.88,49,615.0,556.0,493.0,554.6666666666666,5
2025-06-01,P1005,Laptop Stand,Electronics,696,3066441.92,42,698.0,615.0,556.0,623.0,6
2025-07-01,P1005,Laptop Stand,Electronics,643,2846026.06,42,696.0,698.0,615.0,669.6666666666666,7
2025-08-01,P1005,Laptop Stand,Electronics,681,3039462.88,51,643.0,696.0,698.0,679.0,8
2025-09-01,P1005,Laptop Stand,Electronics,643,2873542.41,45,681.0,643.0,696.0,673.3333333333334,9
2024-01-01,P1006,Webcam,Electronics,619,2744994.75,48,537.0,515.0,529.0,527.0,1
2024-02-01,P1006,Webcam,Electronics,513,2240069.66,44,619.0,537.0,515.0,557.0,2
2024-03-01,P1006,Webcam,Electronics,619,2734630.47,51,513.0,619.0,537.0,556.3333333333334,3
2024-04-01,P1006,Webcam,Electronics,652,2837425.35,47,619.0,513.0,619.0,583.6666666666666,4
2024-05-01,P1006,Webcam,Electronics,652,2871857.67,45,652.0,619.0,513.0,594.6666666666666,5
2024-06-01,P1006,Webcam,Electronics,738,3230506.56,41,652.0,652.0,619.0,641.0,6
2024-07-01,P1006,Webcam,Electronics,607,2637600.84,43,738.0,652.0,652.0,680.6666666666666,7
2024-08-01,P1006,Webcam,Electronics,661,2931550.7,45,607.0,738.0,652.0,665.6666666666666,8
2024-09-01,P1006,Webcam,Electronics,636,2796158.48,47,661.0,607.0,738.0,668.6666666666666,9
2024-10-01,P1006,Webcam,Electronics,653,2839474.63,47,636.0,661.0,607.0,634.6666666666666,10
2024-11-01,P1006,Webcam,Electronics,638,2805042.88,46,653.0,636.0,661.0,650.0,11
2024-12-01,P1006,Webcam,Electronics,772,3390466.75,49,638.0,653.0,636.0,642.3333333333334,12
2025-01-01,P1006,Webcam,Electronics,754,3289384.21,46,772.0,638.0,653.0,687.6666666666666,1
2025-02-01,P1006,Webcam,Electronics,623,2723046.75,46,754.0,772.0,638.0,721.3333333333334,2
2025-03-01,P1006,Webcam,Electronics,655,2857068.07,46,623.0,754.0,772.0,716.3333333333334,3
2025-04-01,P1006,Webcam,Electronics,765,3382009.61,48,655.0,623.0,754.0,677.3333333333334,4
2025-05-01,P1006,Webcam,Electronics,815,3560779.08,48,765.0,655.0,623.0,681.0,5
2025-06-01,P1006,Webcam,Electronics,733,3224414.12,46,815.0,765.0,655.0,745.0,6
2025-07-01,P1006,Webcam,Electronics,756,3336630.5300000003,47,733.0,815.0,765.0,771.0,7
2025-08-01,P1006,Webcam,Electronics,957,4141248.2,48,756.0,733.0,815.0,768.0,8
2025-09-01,P1006,Webcam,Electronics,814,3586786.63,45,957.0,756.0,733.0,815.3333333333334,9
2024-01-01,P1007,Gaming Mouse,Electronics,421,1604247.72,49,400.0,349.0,415.0,388.0,1
2024-02-01,P1007,Gaming Mouse,Electronics,376,1455789.93,45,421.0,400.0,349.0,390.0,2
2024-03-01,P1007,Gaming Mouse,Electronics,544,2102426.74,45,376.0,421.0,400.0,399.0,3
2024-04-01,P1007,Gaming Mouse,Electronics,593,2310464.95,43,544.0,376.0,421.0,447.0,4
2024-05-01,P1007,Gaming Mouse,Electronics,645,2489612.46,49,593.0,544.0,376.0,504.3333333333333,5
2024-06-01,P1007,Gaming Mouse,Electronics,625,2386387.36,43,645.0,593.0,544.0,594.0,6
2024-07-01,P1007,Gaming Mouse,Electronics,547,2124523.71,45,625.0,645.0,593.0,621.0,7
2024-08-01,P1007,Gaming Mouse,Electronics,603,2312570.66,53,547.0,625.0,645.0,605.6666666666666,8
2024-09-01,P1007,Gaming Mouse,Electronics,417,1633085.13,42,603.0,547.0,625.0,591.6666666666666,9
2024-10-01,P1007,Gaming Mouse,Electronics,511,1989661.07,43,417.0,603.0,547.0,522.3333333333334,10
2024-11-01,P1007,Gaming Mouse,Electronics,385,1508039.24,40,511.0,417.0,603.0,510.3333333333333,11
2024-12-01,P1007,Gaming Mouse,Electronics,476,1853966.92,48,385.0,511.0,417.0,437.6666666666667,12
2025-01-01,P1007,Gaming Mouse,Electronics,416,1625638.87,44,476.0,385.0,511.0,457.3333333333333,1
2025-02-01,P1007,Gaming Mouse,Electronics,389,1503399.43,42,416.0,476.0,385.0,425.6666666666667,2
2025-03-01,P1007,Gaming Mouse,Electronics,467,1795235.2,49,389.0,416.0,476.0,427.0,3
2025-04-01,P1007,Gaming Mouse,Electronics,615,2396140.32,46,467.0,389.0,416.0,424.0,4
2025-05-01,P1007,Gaming Mouse,Electronics,623,2414530.93,41,615.0,467.0,389.0,490.3333333333333,5
2025-06-01,P1007,Gaming Mouse,Electronics,545,2087545.32,41,623.0,615.0,467.0,568.3333333333334,6
2025-07-01,P1007,Gaming Mouse,Electronics,547,2109260.02,51,545.0,623.0,615.0,594.3333333333334,7
2025-08-01,P1007,Gaming Mouse,Electronics,552,2140149.63,45,547.0,545.0,623.0,571.6666666666666,8
2025-09-01,P1007,Gaming Mouse,Electronics,480,1865487.66,44,552.0,547.0,545.0,548.0,9
2024-01-01,P1008,Mechanical Keyboard,Electronics,168,540139.59,39,176.0,164.0,165.0,168.33333333333334,1
2024-02-01,P1008,Mechanical Keyboard,Electronics,136,434182.27,40,168.0,176.0,164.0,169.33333333333334,2
2024-03-01,P1008,Mechanical Keyboard,Electronics,157,499610.13,49,136.0,168.0,176.0,160.0,3
2024-04-01,P1008,Mechanical Keyboard,Electronics,169,541816.24,40,157.0,136.0,168.0,153.66666666666666,4
2024-05-01,P1008,Mechanical Keyboard,Electronics,174,550582.87,46,169.0,157.0,136.0,154.0,5
2024-06-01,P1008,Mechanical Keyboard,Electronics,179,579672.78,41,174.0,169.0,157.0,166.66666666666666,6
2024-07-01,P1008,Mechanical Keyboard,Electronics,168,543895.07,41,179.0,174.0,169.0,174.0,7
2024-08-01,P1008,Mechanical Keyboard,Electronics,186,594984.01,39,168.0,179.0,174.0,173.66666666666666,8
2024-09-01,P1008,Mechanical Keyboard,Electronics,168,541970.67,36,186.0,168.0,179.0,177.66666666666666,9
2024-10-01,P1008,Mechanical Keyboard,Electronics,172,549325.18,41,168.0,186.0,168.0,174.0,10
2024-11-01,P1008,Mechanical Keyboard,Electronics,159,505217.12,38,172.0,168.0,186.0,175.33333333333334,11
2024-12-01,P1008,Mechanical Keyboard,Electronics,172,558697.1,35,159.0,172.0,168.0,166.33333333333334,12
2025-01-01,P1008,Mechanical Keyboard,Electronics,131,423368.04,41,172.0,159.0,172.0,167.66666666666666,1
2025-02-01,P1008,Mechanical Keyboard,Electronics,149,483073.93,40,131.0,172.0,159.0,154.0,2
2025-03-01,P1008,Mechanical Keyboard,Electronics,159,519197.04,41,149.0,131.0,172.0,150.66666666666666,3
2025-04-01,P1008,Mechanical Keyboard,Electronics,173,558208.37,41,159.0,149.0,131.0,146.33333333333334,4
2025-05-01,P1008,Mechanical Keyboard,Electronics,166,532245.51,46,173.0,159.0,149.0,160.33333333333334,5
2025-06-01,P1008,Mechanical Keyboard,Electronics,149,476059.12,43,166.0,173.0,159.0,166.0,6
2025-07-01,P1008,Mechanical Keyboard,Electronics,170,540394.79,45,149.0,166.0,173.0,162.66666666666666,7
2025-08-01,P1008,Mechanical Keyboard,Electronics,206,666099.46,42,170.0,149.0,166.0,161.66666666666666,8
2025-09-01,P1008,Mechanical Keyboard,Electronics,203,655680.72,39,206.0,170.0,149.0,175.0,9
2024-01-01,P1009,LED Monitor,Electronics,201,102549.62,44,226.0,208.0,201.0,211.66666666666666,1
2024-02-01,P1009,LED Monitor,Electronics,207,106146.57,41,201.0,226.0,208.0,211.66666666666666,2
2024-03-01,P1009,LED Monitor,Electronics,252,128862.46,50,207.0,201.0,226.0,211.33333333333334,3
2024-04-01,P1009,LED Monitor,Electronics,301,153725.32,41,252.0,207.0,201.0,220.0,4
2024-05-01,P1009,LED Monitor,Electronics,254,129680.78,46,301.0,252.0,207.0,253.33333333333334,5
2024-06-01,P1009,LED Monitor,Electronics,302,154056.52,45,254.0,301.0,252.0,269.0,6
2024-07-01,P1009,LED Monitor,Electronics,278,141485.55,44,302.0,254.0,301.0,285.6666666666667,7
2024-08-01,P1009,LED Monitor,Electronics,284,145125.02,48,278.0,302.0,254.0,278.0,8
2024-09-01,P1009,LED Monitor,Electronics,205,105852.15,44,284.0,278.0,302.0,288.0,9
2024-10-01,P1009,LED Monitor,Electronics,191,98311.08,41,205.0,284.0,278.0,255.66666666666666,10
2024-11-01,P1009,LED Monitor,Electronics,186,94905.67,34,191.0,205.0,284.0,226.66666666666666,11
2024-12-01,P1009,LED Monitor,Electronics,179,92585.09,35,186.0,191.0,205.0,194.0,12
2025-01-01,P1009,LED Monitor,Electronics,215,108401.54,45,179.0,186.0,191.0,185.33333333333334,1
2025-02-01,P1009,LED Monitor,Electronics,183,92740.79,38,215.0,179.0,186.0,193.33333333333334,2
2025-03-01,P1009,LED Monitor,Electronics,258,131645.44,42,183.0,215.0,179.0,192.33333333333334,3
2025-04-01,P1009,LED Monitor,Electronics,237,121657.52,42,258.0,183.0,215.0,218.66666666666666,4
2025-05-01,P1009,LED Monitor,Electronics,300,153535.41,38,237.0,258.0,183.0,226.0,5
2025-06-01,P1009,LED Monitor,Electronics,291,148581.21,44,300.0,237.0,258.0,265.0,6
2025-07-01,P1009,LED Monitor,Electronics,287,147369.05,46,291.0,300.0,237.0,276.0,7
2025-08-01,P1009,LED Monitor,Electronics,259,131817.24,48,287.0,291.0,300.0,292.6666666666667,8
2025-09-01,P1009,LED Monitor,Electronics,255,130776.26,43,259.0,287.0,291.0,279.0,9
2024-01-01,P1010,Men's T-Shirt,Fashion,250,220537.02,43,264.0,209.0,225.0,232.66666666666666,1
2024-02-01,P1010,Men's T-Shirt,Fashion,221,196347.43,42,250.0,264.0,209.0,241.0,2
2024-03-01,P1010,Men's T-Shirt,Fashion,245,216468.51,44,221.0,250.0,264.0,245.0,3
2024-04-01,P1010,Men's T-Shirt,Fashion,227,201362.52,45,245.0,221.0,250.0,238.66666666666666,4
2024-05-01,P1010,Men's T-Shirt,Fashion,222,196798.9,44,227.0,245.0,221.0,231.0,5
2024-06-01,P1010,Men's T-Shirt,Fashion,259,227363.3,48,222.0,227.0,245.0,231.33333333333334,6
2024-07-01,P1010,Men's T-Shirt,Fashion,239,211824.09,46,259.0,222.0,227.0,236.0,7
2024-08-01,P1010,Men's T-Shirt,Fashion,291,256041.0,53,239.0,259.0,222.0,240.0,8
2024-09-01,P1010,Men's T-Shirt,Fashion,292,254819.77,42,291.0,239.0,259.0,263.0,9
2024-10-01,P1010,Men's T-Shirt,Fashion,307,273542.57,48,292.0,291.0,239.0,274.0,10
2024-11-01,P1010,Men's T-Shirt,Fashion,289,255232.44,42,307.0,292.0,291.0,296.6666666666667,11
2024-12-01,P1010,Men's T-Shirt,Fashion,292,256569.91,43,289.0,307.0,292.0,296.0,12
2025-01-01,P1010,Men's T-Shirt,Fashion,314,279510.54,47,292.0,289.0,307.0,296.0,1
2025-02-01,P1010,Men's T-Shirt,Fashion,260,229093.03,46,314.0,292.0,289.0,298.3333333333333,2
2025-03-01,P1010,Men's T-Shirt,Fashion,318,280849.82,42,260.0,314.0,292.0,288.6666666666667,3
2025-04-01,P1010,Men's T-Shirt,Fashion,307,269851.29,42,318.0,260.0,314.0,297.3333333333333,4
2025-05-01,P1010,Men's T-Shirt,Fashion,356,315798.68,40,307.0,318.0,260.0,295.0,5
2025-06-01,P1010,Men's T-Shirt,Fashion,302,269649.86,47,356.0,307.0,318.0,327.0,6
2025-07-01,P1010,Men's T-Shirt,Fashion,358,317556.2,43,302.0,356.0,307.0,321.6666666666667,7
2025-08-01,P1010,Men's T-Shirt,Fashion,362,320795.16,50,358.0,302.0,356.0,338.6666666666667,8
2025-09-01,P1010,Men's T-Shirt,Fashion,340,302792.0,44,362.0,358.0,302.0,340.6666666666667,9
2024-01-01,P1011,Women's Kurti,Fashion,208,925634.36,36,248.0,223.0,332.0,267.6666666666667,1
2024-02-01,P1011,Women's Kurti,Fashion,240,1066366.36,39,208.0,248.0,223.0,226.33333333333334,2
2024-03-01,P1011,Women's Kurti,Fashion,226,998241.51,37,240.0,208.0,248.0,232.0,3
2024-04-01,P1011,Women's Kurti,Fashion,254,1119212.11,40,226.0,240.0,208.0,224.66666666666666,4
2024-05-01,P1011,Women's Kurti,Fashion,276,1224592.67,40,254.0,226.0,240.0,240.0,5
2024-06-01,P1011,Women's Kurti,Fashion,235,1042886.58,36,276.0,254.0,226.0,252.0,6
2024-07-01,P1011,Women's Kurti,Fashion,258,1151568.41,43,235.0,276.0,254.0,255.0,7
2024-08-01,P1011,Women's Kurti,Fashion,306,1356189.57,36,258.0,235.0,276.0,256.3333333333333,8
2024-09-01,P1011,Women's Kurti,Fashion,234,1039407.25,39,306.0,258.0,235.0,266.3333333333333,9
2024-10-01,P1011,Women's Kurti,Fashion,343,1531825.57,43,234.0,306.0,258.0,266.0,10
2024-11-01,P1011,Women's Kurti,Fashion,294,1313691.52,33,343.0,234.0,306.0,294.3333333333333,11
2024-12-01,P1011,Women's Kurti,Fashion,277,1229672.2,40,294.0,343.0,234.0,290.3333333333333,12
2025-01-01,P1011,Women's Kurti,Fashion,227,1016691.66,42,277.0,294.0,343.0,304.6666666666667,1
2025-02-01,P1011,Women's Kurti,Fashion,170,751386.82,33,227.0,277.0,294.0,266.0,2
2025-03-01,P1011,Women's Kurti,Fashion,272,1202979.58,40,170.0,227.0,277.0,224.66666666666666,3
2025-04-01,P1011,Women's Kurti,Fashion,232,1028109.72,39,272.0,170.0,227.0,223.0,4
2025-05-01,P1011,Women's Kurti,Fashion,274,1209910.54,48,232.0,272.0,170.0,224.66666666666666,5
2025-06-01,P1011,Women's Kurti,Fashion,277,1237562.31,38,274.0,232.0,272.0,259.3333333333333,6
2025-07-01,P1011,Women's Kurti,Fashion,252,1116194.12,40,277.0,274.0,232.0,261.0,7
2025-08-01,P1011,Women's Kurti,Fashion,235,1041678.62,44,252.0,277.0,274.0,267.6666666666667,8
2025-09-01,P1011,Women's Kurti,Fashion,248,1109011.3,39,235.0,252.0,277.0,254.66666666666666,9
2024-01-01,P1012,Denim Jeans,Fashion,348,1055724.54,46,393.0,376.0,431.0,400.0,1
2024-02-01,P1012,Denim Jeans,Fashion,375,1136138.03,46,348.0,393.0,376.0,372.3333333333333,2
2024-03-01,P1012,Denim Jeans,Fashion,436,1320506.35,48,375.0,348.0,393.0,372.0,3
2024-04-01,P1012,Denim Jeans,Fashion,495,1504551.66,45,436.0,375.0,348.0,386.3333333333333,4
2024-05-01,P1012,Denim Jeans,Fashion,565,1711958.39,46,495.0,436.0,375.0,435.3333333333333,5
2024-06-01,P1012,Denim Jeans,Fashion,566,1715012.3,43,565.0,495.0,436.0,498.6666666666667,6
2024-07-01,P1012,Denim Jeans,Fashion,512,1558847.68,46,566.0,565.0,495.0,542.0,7
2024-08-01,P1012,Denim Jeans,Fashion,585,1763495.79,48,512.0,566.0,565.0,547.6666666666666,8
2024-09-01,P1012,Denim Jeans,Fashion,439,1334798.77,46,585.0,512.0,566.0,554.3333333333334,9
2024-10-01,P1012,Denim Jeans,Fashion,398,1220848.74,49,439.0,585.0,512.0,512.0,10
2024-11-01,P1012,Denim Jeans,Fashion,337,1035109.82,47,398.0,439.0,585.0,474.0,11
2024-12-01,P1012,Denim Jeans,Fashion,414,1264581.07,45,337.0,398.0,439.0,391.3333333333333,12
2025-01-01,P1012,Denim Jeans,Fashion,422,1292474.35,46,414.0,337.0,398.0,383.0,1
2025-02-01,P1012,Denim Jeans,Fashion,361,1100642.48,43,422.0,414.0,337.0,391.0,2
2025-03-01,P1012,Denim Jeans,Fashion,484,1481899.61,43,361.0,422.0,414.0,399.0,3
2025-04-01,P1012,Denim Jeans,Fashion,522,1569769.28,45,484.0,361.0,422.0,422.3333333333333,4
2025-05-01,P1012,Denim Jeans,Fashion,552,1662125.64,46,522.0,484.0,361.0,455.6666666666667,5
2025-06-01,P1012,Denim Jeans,Fashion,557,1688669.16,48,552.0,522.0,484.0,519.3333333333334,6
2025-07-01,P1012,Denim Jeans,Fashion,646,1962556.14,52,557.0,552.0,522.0,543.6666666666666,7
2025-08-01,P1012,Denim Jeans,Fashion,641,1921551.39,45,646.0,557.0,552.0,585.0,8
2025-09-01,P1012,Denim Jeans,Fashion,467,1413786.96,45,641.0,646.0,557.0,614.6666666666666,9
2024-01-01,P1013,Running Shoes,Fashion,560,82519.11,51,689.0,661.0,601.0,650.3333333333334,1
2024-02-01,P1013,Running Shoes,Fashion,463,68302.56,49,560.0,689.0,661.0,636.6666666666666,2
2024-03-01,P1013,Running Shoes,Fashion,631,91757.56,47,463.0,560.0,689.0,570.6666666666666,3
2024-04-01,P1013,Running Shoes,Fashion,571,84215.77,47,631.0,463.0,560.0,551.3333333333334,4
2024-05-01,P1013,Running Shoes,Fashion,622,91289.83,45,571.0,631.0,463.0,555.0,5
2024-06-01,P1013,Running Shoes,Fashion,557,82224.42,44,622.0,571.0,631.0,608.0,6
2024-07-01,P1013,Running Shoes,Fashion,551,81333.68,45,557.0,622.0,571.0,583.3333333333334,7
2024-08-01,P1013,Running Shoes,Fashion,599,88500.81999999999,48,551.0,557.0,622.0,576.6666666666666,8
2024-09-01,P1013,Running Shoes,Fashion,464,67613.78,47,599.0,551.0,557.0,569.0,9
2024-10-01,P1013,Running Shoes,Fashion,571,83286.2,52,464.0,599.0,551.0,538.0,10
2024-11-01,P1013,Running Shoes,Fashion,475,69204.72,42,571.0,464.0,599.0,544.6666666666666,11
2024-12-01,P1013,Running Shoes,Fashion,591,86029.42,42,475.0,571.0,464.0,503.3333333333333,12
2025-01-01,P1013,Running Shoes,Fashion,477,71228.28,45,591.0,475.0,571.0,545.6666666666666,1
2025-02-01,P1013,Running Shoes,Fashion,392,58023.76,42,477.0,591.0,475.0,514.3333333333334,2
2025-03-01,P1013,Running Shoes,Fashion,405,59511.66,47,392.0,477.0,591.0,486.6666666666667,3
2025-04-01,P1013,Running Shoes,Fashion,496,73098.06,47,405.0,392.0,477.0,424.6666666666667,4
2025-05-01,P1013,Running Shoes,Fashion,449,65693.62,46,496.0,405.0,392.0,431.0,5
2025-06-01,P1013,Running Shoes,Fashion,474,70062.51,40,449.0,496.0,405.0,450.0,6
2025-07-01,P1013,Running Shoes,Fashion,392,57462.12,42,474.0,449.0,496.0,473.0,7
2025-08-01,P1013,Running Shoes,Fashion,494,72321.04,47,392.0,474.0,449.0,438.3333333333333,8
2025-09-01,P1013,Running Shoes,Fashion,440,64061.11,45,494.0,392.0,474.0,453.3333333333333,9
2024-01-01,P1014,Formal Shirt,Fashion,387,231879.71,47,400.0,359.0,388.0,382.3333333333333,1
2024-02-01,P1014,Formal Shirt,Fashion,324,194083.24,40,387.0,400.0,359.0,382.0,2
2024-03-01,P1014,Formal Shirt,Fashion,367,221045.34,42,324.0,387.0,400.0,370.3333333333333,3
2024-04-01,P1014,Formal Shirt,Fashion,413,249793.0,48,367.0,324.0,387.0,359.3333333333333,4
2024-05-01,P1014,Formal Shirt,Fashion,439,261278.45,41,413.0,367.0,324.0,368.0,5
2024-06-01,P1014,Formal Shirt,Fashion,433,261798.66,47,439.0,413.0,367.0,406.3333333333333,6
2024-07-01,P1014,Formal Shirt,Fashion,444,268876.85,45,433.0,439.0,413.0,428.3333333333333,7
2024-08-01,P1014,Formal Shirt,Fashion,504,298556.42,49,444.0,433.0,439.0,438.6666666666667,8
2024-09-01,P1014,Formal Shirt,Fashion,379,229255.38,42,504.0,444.0,433.0,460.3333333333333,9
2024-10-01,P1014,Formal Shirt,Fashion,459,276099.27,49,379.0,504.0,444.0,442.3333333333333,10
2024-11-01,P1014,Formal Shirt,Fashion,446,269348.86,42,459.0,379.0,504.0,447.3333333333333,11
2024-12-01,P1014,Formal Shirt,Fashion,518,308512.79,47,446.0,459.0,379.0,428.0,12
2025-01-01,P1014,Formal Shirt,Fashion,560,329488.33,44,518.0,446.0,459.0,474.3333333333333,1
2025-02-01,P1014,Formal Shirt,Fashion,405,243138.07,43,560.0,518.0,446.0,508.0,2
2025-03-01,P1014,Formal Shirt,Fashion,530,317969.89,44,405.0,560.0,518.0,494.3333333333333,3
2025-04-01,P1014,Formal Shirt,Fashion,531,319160.88,41,530.0,405.0,560.0,498.3333333333333,4
2025-05-01,P1014,Formal Shirt,Fashion,550,329591.29,43,531.0,530.0,405.0,488.6666666666667,5
2025-06-01,P1014,Formal Shirt,Fashion,585,350004.47000000003,47,550.0,531.0,530.0,537.0,6
2025-07-01,P1014,Formal Shirt,Fashion,572,340614.69,48,585.0,550.0,531.0,555.3333333333334,7
2025-08-01,P1014,Formal Shirt,Fashion,595,357124.96,50,572.0,585.0,550.0,569.0,8
2025-09-01,P1014,Formal Shirt,Fashion,546,324853.46,47,595.0,572.0,585.0,584.0,9
2024-01-01,P1015,Winter Jacket,Fashion,183,603593.32,39,237.0,217.0,179.0,211.0,1
2024-02-01,P1015,Winter Jacket,Fashion,155,515574.59,37,183.0,237.0,217.0,212.33333333333334,2
2024-03-01,P1015,Winter Jacket,Fashion,201,654402.9,39,155.0,183.0,237.0,191.66666666666666,3
2024-04-01,P1015,Winter Jacket,Fashion,220,729250.79,43,201.0,155.0,183.0,179.66666666666666,4
2024-05-01,P1015,Winter Jacket,Fashion,254,835679.75,50,220.0,201.0,155.0,192.0,5
2024-06-01,P1015,Winter Jacket,Fashion,226,744972.7,45,254.0,220.0,201.0,225.0,6
2024-07-01,P1015,Winter Jacket,Fashion,223,737560.59,47,226.0,254.0,220.0,233.33333333333334,7
2024-08-01,P1015,Winter Jacket,Fashion,267,890933.3,46,223.0,226.0,254.0,234.33333333333334,8
2024-09-01,P1015,Winter Jacket,Fashion,248,823783.22,48,267.0,223.0,226.0,238.66666666666666,9
2024-10-01,P1015,Winter Jacket,Fashion,220,724615.03,47,248.0,267.0,223.0,246.0,10
2024-11-01,P1015,Winter Jacket,Fashion,255,848718.64,45,220.0,248.0,267.0,245.0,11
2024-12-01,P1015,Winter Jacket,Fashion,257,847114.83,45,255.0,220.0,248.0,241.0,12
2025-01-01,P1015,Winter Jacket,Fashion,293,964501.89,47,257.0,255.0,220.0,244.0,1
2025-02-01,P1015,Winter Jacket,Fashion,226,746514.43,43,293.0,257.0,255.0,268.3333333333333,2
2025-03-01,P1015,Winter Jacket,Fashion,265,875755.49,45,226.0,293.0,257.0,258.6666666666667,3
2025-04-01,P1015,Winter Jacket,Fashion,248,818320.9299999999,47,265.0,226.0,293.0,261.3333333333333,4
2025-05-01,P1015,Winter Jacket,Fashion,270,901276.07,44,248.0,265.0,226.0,246.33333333333334,5
2025-06-01,P1015,Winter Jacket,Fashion,286,947769.65,42,270.0,248.0,265.0,261.0,6
2025-07-01,P1015,Winter Jacket,Fashion,299,982594.95,49,286.0,270.0,248.0,268.0,7
2025-08-01,P1015,Winter Jacket,Fashion,290,955250.07,48,299.0,286.0,270.0,285.0,8
2025-09-01,P1015,Winter Jacket,Fashion,294,984349.21,42,290.0,299.0,286.0,291.6666666666667,9
2024-01-01,P1016,Leather Wallet,Fashion,244,31227.6,46,275.0,274.0,311.0,286.6666666666667,1
2024-02-01,P1016,Leather Wallet,Fashion,213,27250.89,42,244.0,275.0,274.0,264.3333333333333,2
2024-03-01,P1016,Leather Wallet,Fashion,257,32582.61,45,213.0,244.0,275.0,244.0,3
2024-04-01,P1016,Leather Wallet,Fashion,248,31749.51,46,257.0,213.0,244.0,238.0,4
2024-05-01,P1016,Leather Wallet,Fashion,317,40278.01,44,248.0,257.0,213.0,239.33333333333334,5
2024-06-01,P1016,Leather Wallet,Fashion,245,31076.62,42,317.0,248.0,257.0,274.0,6
2024-07-01,P1016,Leather Wallet,Fashion,230,29488.77,44,245.0,317.0,248.0,270.0,7
2024-08-01,P1016,Leather Wallet,Fashion,251,31904.91,47,230.0,245.0,317.0,264.0,8
2024-09-01,P1016,Leather Wallet,Fashion,191,24246.75,43,251.0,230.0,245.0,242.0,9
2024-10-01,P1016,Leather Wallet,Fashion,273,34334.03,42,191.0,251.0,230.0,224.0,10
2024-11-01,P1016,Leather Wallet,Fashion,217,27950.08,39,273.0,191.0,251.0,238.33333333333334,11
2024-12-01,P1016,Leather Wallet,Fashion,239,30465.84,42,217.0,273.0,191.0,227.0,12
2025-01-01,P1016,Leather Wallet,Fashion,245,31455.12,43,239.0,217.0,273.0,243.0,1
2025-02-01,P1016,Leather Wallet,Fashion,181,23010.9,38,245.0,239.0,217.0,233.66666666666666,2
2025-03-01,P1016,Leather Wallet,Fashion,213,26966.91,47,181.0,245.0,239.0,221.66666666666666,3
2025-04-01,P1016,Leather Wallet,Fashion,205,25957.96,44,213.0,181.0,245.0,213.0,4
2025-05-01,P1016,Leather Wallet,Fashion,175,22199.99,40,205.0,213.0,181.0,199.66666666666666,5
2025-06-01,P1016,Leather Wallet,Fashion,213,26901.11,43,175.0,205.0,213.0,197.66666666666666,6
2025-07-01,P1016,Leather Wallet,Fashion,137,17579.58,38,213.0,175.0,205.0,197.66666666666666,7
2025-08-01,P1016,Leather Wallet,Fashion,198,24906.99,41,137.0,213.0,175.0,175.0,8
2025-09-01,P1016,Leather Wallet,Fashion,163,20504.23,38,198.0,137.0,213.0,182.66666666666666,9
2024-01-01,P1017,Sunglasses,Fashion,742,651233.92,47,717.0,740.0,731.0,729.3333333333334,1
2024-02-01,P1017,Sunglasses,Fashion,640,564385.65,45,742.0,717.0,740.0,733.0,2
2024-03-01,P1017,Sunglasses,Fashion,662,582577.53,46,640.0,742.0,717.0,699.6666666666666,3
2024-04-01,P1017,Sunglasses,Fashion,702,618594.02,46,662.0,640.0,742.0,681.3333333333334,4
2024-05-01,P1017,Sunglasses,Fashion,713,635171.17,46,702.0,662.0,640.0,668.0,5
2024-06-01,P1017,Sunglasses,Fashion,712,638958.93,48,713.0,702.0,662.0,692.3333333333334,6
2024-07-01,P1017,Sunglasses,Fashion,693,617047.28,51,712.0,713.0,702.0,709.0,7
2024-08-01,P1017,Sunglasses,Fashion,770,685331.28,48,693.0,712.0,713.0,706.0,8
2024-09-01,P1017,Sunglasses,Fashion,703,628471.19,48,770.0,693.0,712.0,725.0,9
2024-10-01,P1017,Sunglasses,Fashion,673,588426.99,42,703.0,770.0,693.0,722.0,10
2024-11-01,P1017,Sunglasses,Fashion,657,589371.07,45,673.0,703.0,770.0,715.3333333333334,11
2024-12-01,P1017,Sunglasses,Fashion,691,606699.52,49,657.0,673.0,703.0,677.6666666666666,12
2025-01-01,P1017,Sunglasses,Fashion,715,639444.9,49,691.0,657.0,673.0,673.6666666666666,1
2025-02-01,P1017,Sunglasses,Fashion,583,515871.01,45,715.0,691.0,657.0,687.6666666666666,2
2025-03-01,P1017,Sunglasses,Fashion,675,602057.02,45,583.0,715.0,691.0,663.0,3
2025-04-01,P1017,Sunglasses,Fashion,656,581189.94,43,675.0,583.0,715.0,657.6666666666666,4
2025-05-01,P1017,Sunglasses,Fashion,763,682018.08,43,656.0,675.0,583.0,638.0,5
2025-06-01,P1017,Sunglasses,Fashion,728,651318.9,46,763.0,656.0,675.0,698.0,6
2025-07-01,P1017,Sunglasses,Fashion,737,660405.82,45,728.0,763.0,656.0,715.6666666666666,7
2025-08-01,P1017,Sunglasses,Fashion,723,635157.25,43,737.0,728.0,763.0,742.6666666666666,8
2025-09-01,P1017,Sunglasses,Fashion,690,616680.35,42,723.0,737.0,728.0,729.3333333333334,9
2024-01-01,P1018,Backpack,Fashion,265,725777.83,48,358.0,249.0,279.0,295.3333333333333,1
2024-02-01,P1018,Backpack,Fashion,293,802618.42,44,265.0,358.0,249.0,290.6666666666667,2
2024-03-01,P1018,Backpack,Fashion,279,766184.83,42,293.0,265.0,358.0,305.3333333333333,3
2024-04-01,P1018,Backpack,Fashion,292,806869.68,43,279.0,293.0,265.0,279.0,4
2024-05-01,P1018,Backpack,Fashion,330,923694.25,44,292.0,279.0,293.0,288.0,5
2024-06-01,P1018,Backpack,Fashion,321,881005.39,47,330.0,292.0,279.0,300.3333333333333,6
2024-07-01,P1018,Backpack,Fashion,350,972525.63,46,321.0,330.0,292.0,314.3333333333333,7
2024-08-01,P1018,Backpack,Fashion,373,1023166.58,46,350.0,321.0,330.0,333.6666666666667,8
2024-09-01,P1018,Backpack,Fashion,258,712880.71,42,373.0,350.0,321.0,348.0,9
2024-10-01,P1018,Backpack,Fashion,312,859116.8099999999,41,258.0,373.0,350.0,327.0,10
2024-11-01,P1018,Backpack,Fashion,290,787813.63,47,312.0,258.0,373.0,314.3333333333333,11
2024-12-01,P1018,Backpack,Fashion,311,860751.99,46,290.0,312.0,258.0,286.6666666666667,12
2025-01-01,P1018,Backpack,Fashion,313,869272.5700000001,45,311.0,290.0,312.0,304.3333333333333,1
2025-02-01,P1018,Backpack,Fashion,230,632703.32,44,313.0,311.0,290.0,304.6666666666667,2
2025-03-01,P1018,Backpack,Fashion,287,789575.36,47,230.0,313.0,311.0,284.6666666666667,3
2025-04-01,P1018,Backpack,Fashion,273,745845.8,41,287.0,230.0,313.0,276.6666666666667,4
2025-05-01,P1018,Backpack,Fashion,325,896107.74,43,273.0,287.0,230.0,263.3333333333333,5
2025-06-01,P1018,Backpack,Fashion,323,885463.62,40,325.0,273.0,287.0,295.0,6
2025-07-01,P1018,Backpack,Fashion,276,765939.26,45,323.0,325.0,273.0,307.0,7
2025-08-01,P1018,Backpack,Fashion,291,801826.7,43,276.0,323.0,325.0,308.0,8
2025-09-01,P1018,Backpack,Fashion,355,993908.06,48,291.0,276.0,323.0,296.6666666666667,9
2024-01-01,P1019,Sneakers,Fashion,209,719594.42,45,242.0,223.0,268.0,244.33333333333334,1
2024-02-01,P1019,Sneakers,Fashion,176,608651.11,35,209.0,242.0,223.0,224.66666666666666,2
2024-03-01,P1019,Sneakers,Fashion,222,765001.87,45,176.0,209.0,242.0,209.0,3
2024-04-01,P1019,Sneakers,Fashion,197,677627.17,44,222.0,176.0,209.0,202.33333333333334,4
2024-05-01,P1019,Sneakers,Fashion,220,765905.27,44,197.0,222.0,176.0,198.33333333333334,5
2024-06-01,P1019,Sneakers,Fashion,183,636258.0,41,220.0,197.0,222.0,213.0,6
2024-07-01,P1019,Sneakers,Fashion,185,632761.66,45,183.0,220.0,197.0,200.0,7
2024-08-01,P1019,Sneakers,Fashion,237,820505.09,46,185.0,183.0,220.0,196.0,8
2024-09-01,P1019,Sneakers,Fashion,209,726704.52,44,237.0,185.0,183.0,201.66666666666666,9
2024-10-01,P1019,Sneakers,Fashion,208,720518.88,40,209.0,237.0,185.0,210.33333333333334,10
2024-11-01,P1019,Sneakers,Fashion,167,579704.56,40,208.0,209.0,237.0,218.0,11
2024-12-01,P1019,Sneakers,Fashion,214,738129.81,39,167.0,208.0,209.0,194.66666666666666,12
2025-01-01,P1019,Sneakers,Fashion,167,575812.61,37,214.0,167.0,208.0,196.33333333333334,1
2025-02-01,P1019,Sneakers,Fashion,133,458975.33,38,167.0,214.0,167.0,182.66666666666666,2
2025-03-01,P1019,Sneakers,Fashion,180,615698.5,40,133.0,167.0,214.0,171.33333333333334,3
2025-04-01,P1019,Sneakers,Fashion,173,598799.77,42,180.0,133.0,167.0,160.0,4
2025-05-01,P1019,Sneakers,Fashion,163,570605.36,37,173.0,180.0,133.0,162.0,5
2025-06-01,P1019,Sneakers,Fashion,161,555238.26,37,163.0,173.0,180.0,172.0,6
2025-07-01,P1019,Sneakers,Fashion,156,537614.35,40,161.0,163.0,173.0,165.66666666666666,7
2025-08-01,P1019,Sneakers,Fashion,166,573595.46,44,156.0,161.0,163.0,160.0,8
2025-09-01,P1019,Sneakers,Fashion,182,625636.6,41,166.0,156.0,161.0,161.0,9
2024-01-01,P1020,Non-stick Pan,Home & Kitchen,240,783719.25,43,296.0,248.0,253.0,265.6666666666667,1
2024-02-01,P1020,Non-stick Pan,Home & Kitchen,215,702465.76,45,240.0,296.0,248.0,261.3333333333333,2
2024-03-01,P1020,Non-stick Pan,Home & Kitchen,258,835456.97,48,215.0,240.0,296.0,250.33333333333334,3
2024-04-01,P1020,Non-stick Pan,Home & Kitchen,259,846621.38,43,258.0,215.0,240.0,237.66666666666666,4
2024-05-01,P1020,Non-stick Pan,Home & Kitchen,267,870537.35,44,259.0,258.0,215.0,244.0,5
2024-06-01,P1020,Non-stick Pan,Home & Kitchen,285,920361.87,42,267.0,259.0,258.0,261.3333333333333,6
2024-07-01,P1020,Non-stick Pan,Home & Kitchen,250,814944.78,48,285.0,267.0,259.0,270.3333333333333,7
2024-08-01,P1020,Non-stick Pan,Home & Kitchen,283,919370.43,43,250.0,285.0,267.0,267.3333333333333,8
2024-09-01,P1020,Non-stick Pan,Home & Kitchen,236,757481.24,44,283.0,250.0,285.0,272.6666666666667,9
2024-10-01,P1020,Non-stick Pan,Home & Kitchen,258,843691.0,46,236.0,283.0,250.0,256.3333333333333,10
2024-11-01,P1020,Non-stick Pan,Home & Kitchen,214,692472.3,43,258.0,236.0,283.0,259.0,11
2024-12-01,P1020,Non-stick Pan,Home & Kitchen,258,849733.52,41,214.0,258.0,236.0,236.0,12
2025-01-01,P1020,Non-stick Pan,Home & Kitchen,227,731323.83,46,258.0,214.0,258.0,243.33333333333334,1
2025-02-01,P1020,Non-stick Pan,Home & Kitchen,182,586129.31,39,227.0,258.0,214.0,233.0,2
2025-03-01,P1020,Non-stick Pan,Home & Kitchen,250,808271.6,42,182.0,227.0,258.0,222.33333333333334,3
2025-04-01,P1020,Non-stick Pan,Home & Kitchen,262,860267.8200000001,44,250.0,182.0,227.0,219.66666666666666,4
2025-05-01,P1020,Non-stick Pan,Home & Kitchen,266,867804.8099999999,45,262.0,250.0,182.0,231.33333333333334,5
2025-06-01,P1020,Non-stick Pan,Home & Kitchen,247,802841.21,43,266.0,262.0,250.0,259.3333333333333,6
2025-07-01,P1020,Non-stick Pan,Home & Kitchen,251,817118.93,47,247.0,266.0,262.0,258.3333333333333,7
2025-08-01,P1020,Non-stick Pan,Home & Kitchen,269,872715.97,47,251.0,247.0,266.0,254.66666666666666,8
2025-09-01,P1020,Non-stick Pan,Home & Kitchen,253,827615.32,44,269.0,251.0,247.0,255.66666666666666,9
2024-01-01,P1021,Electric Kettle,Home & Kitchen,419,496195.55,50,423.0,371.0,428.0,407.3333333333333,1
2024-02-01,P1021,Electric Kettle,Home & Kitchen,379,452667.78,38,419.0,423.0,371.0,404.3333333333333,2
2024-03-01,P1021,Electric Kettle,Home & Kitchen,371,444862.8,42,379.0,419.0,423.0,407.0,3
2024-04-01,P1021,Electric Kettle,Home & Kitchen,420,503919.51,43,371.0,379.0,419.0,389.6666666666667,4
2024-05-01,P1021,Electric Kettle,Home & Kitchen,447,535375.41,43,420.0,371.0,379.0,390.0,5
2024-06-01,P1021,Electric Kettle,Home & Kitchen,454,545794.54,46,447.0,420.0,371.0,412.6666666666667,6
2024-07-01,P1021,Electric Kettle,Home & Kitchen,468,549120.37,44,454.0,447.0,420.0,440.3333333333333,7
2024-08-01,P1021,Electric Kettle,Home & Kitchen,470,567383.28,45,468.0,454.0,447.0,456.3333333333333,8
2024-09-01,P1021,Electric Kettle,Home & Kitchen,422,499798.47,42,470.0,468.0,454.0,464.0,9
2024-10-01,P1021,Electric Kettle,Home & Kitchen,480,566100.54,46,422.0,470.0,468.0,453.3333333333333,10
2024-11-01,P1021,Electric Kettle,Home & Kitchen,458,546610.02,47,480.0,422.0,470.0,457.3333333333333,11
2024-12-01,P1021,Electric Kettle,Home & Kitchen,540,639787.99,44,458.0,480.0,422.0,453.3333333333333,12
2025-01-01,P1021,Electric Kettle,Home & Kitchen,444,525780.12,48,540.0,458.0,480.0,492.6666666666667,1
2025-02-01,P1021,Electric Kettle,Home & Kitchen,455,542846.5,46,444.0,540.0,458.0,480.6666666666667,2
2025-03-01,P1021,Electric Kettle,Home & Kitchen,534,633875.26,44,455.0,444.0,540.0,479.6666666666667,3
2025-04-01,P1021,Electric Kettle,Home & Kitchen,477,564967.14,48,534.0,455.0,444.0,477.6666666666667,4
2025-05-01,P1021,Electric Kettle,Home & Kitchen,565,672294.5,47,477.0,534.0,455.0,488.6666666666667,5
2025-06-01,P1021,Electric Kettle,Home & Kitchen,602,717225.67,50,565.0,477.0,534.0,525.3333333333334,6
2025-07-01,P1021,Electric Kettle,Home & Kitchen,564,669524.46,52,602.0,565.0,477.0,548.0,7
2025-08-01,P1021,Electric Kettle,Home & Kitchen,625,737487.25,46,564.0,602.0,565.0,577.0,8
2025-09-01,P1021,Electric Kettle,Home & Kitchen,587,693953.07,46,625.0,564.0,602.0,597.0,9
2024-01-01,P1022,Mixer Grinder,Home & Kitchen,156,556330.84,43,196.0,151.0,167.0,171.33333333333334,1
2024-02-01,P1022,Mixer Grinder,Home & Kitchen,138,491996.4,35,156.0,196.0,151.0,167.66666666666666,2
2024-03-01,P1022,Mixer Grinder,Home & Kitchen,155,549428.65,42,138.0,156.0,196.0,163.33333333333334,3
2024-04-01,P1022,Mixer Grinder,Home & Kitchen,142,499300.0,39,155.0,138.0,156.0,149.66666666666666,4
2024-05-01,P1022,Mixer Grinder,Home & Kitchen,145,516880.54,38,142.0,155.0,138.0,145.0,5
2024-06-01,P1022,Mixer Grinder,Home & Kitchen,136,480901.37,45,145.0,142.0,155.0,147.33333333333334,6
2024-07-01,P1022,Mixer Grinder,Home & Kitchen,161,570789.39,42,136.0,145.0,142.0,141.0,7
2024-08-01,P1022,Mixer Grinder,Home & Kitchen,147,523641.38,38,161.0,136.0,145.0,147.33333333333334,8
2024-09-01,P1022,Mixer Grinder,Home & Kitchen,116,415874.37,37,147.0,161.0,136.0,148.0,9
2024-10-01,P1022,Mixer Grinder,Home & Kitchen,175,618861.18,40,116.0,147.0,161.0,141.33333333333334,10
2024-11-01,P1022,Mixer Grinder,Home & Kitchen,132,468384.0,30,175.0,116.0,147.0,146.0,11
2024-12-01,P1022,Mixer Grinder,Home & Kitchen,121,427725.22,36,132.0,175.0,116.0,141.0,12
2025-01-01,P1022,Mixer Grinder,Home & Kitchen,149,520737.83,36,121.0,132.0,175.0,142.66666666666666,1
2025-02-01,P1022,Mixer Grinder,Home & Kitchen,94,333406.27,35,149.0,121.0,132.0,134.0,2
2025-03-01,P1022,Mixer Grinder,Home & Kitchen,108,382806.79,36,94.0,149.0,121.0,121.33333333333333,3
2025-04-01,P1022,Mixer Grinder,Home & Kitchen,113,402166.16,34,108.0,94.0,149.0,117.0,4
2025-05-01,P1022,Mixer Grinder,Home & Kitchen,121,419118.18,39,113.0,108.0,94.0,105.0,5
2025-06-01,P1022,Mixer Grinder,Home & Kitchen,117,414105.3,41,121.0,113.0,108.0,114.0,6
2025-07-01,P1022,Mixer Grinder,Home & Kitchen,118,418251.5,44,117.0,121.0,113.0,117.0,7
2025-08-01,P1022,Mixer Grinder,Home & Kitchen,131,468081.66,37,118.0,117.0,121.0,118.66666666666667,8
2025-09-01,P1022,Mixer Grinder,Home & Kitchen,126,448874.93,35,131.0,118.0,117.0,122.0,9
2024-01-01,P1023,LED Bulb Pack,Home & Kitchen,165,206758.08,36,261.0,227.0,230.0,239.33333333333334,1
2024-02-01,P1023,LED Bulb Pack,Home & Kitchen,183,228749.2,41,165.0,261.0,227.0,217.66666666666666,2
2024-03-01,P1023,LED Bulb Pack,Home & Kitchen,208,260547.77,39,183.0,165.0,261.0,203.0,3
2024-04-01,P1023,LED Bulb Pack,Home & Kitchen,186,230381.18,41,208.0,183.0,165.0,185.33333333333334,4
2024-05-01,P1023,LED Bulb Pack,Home & Kitchen,223,281001.37,41,186.0,208.0,183.0,192.33333333333334,5
2024-06-01,P1023,LED Bulb Pack,Home & Kitchen,220,273822.45,36,223.0,186.0,208.0,205.66666666666666,6
2024-07-01,P1023,LED Bulb Pack,Home & Kitchen,196,243980.64,45,220.0,223.0,186.0,209.66666666666666,7
2024-08-01,P1023,LED Bulb Pack,Home & Kitchen,200,251165.25,44,196.0,220.0,223.0,213.0,8
2024-09-01,P1023,LED Bulb Pack,Home & Kitchen,174,219774.72,40,200.0,196.0,220.0,205.33333333333334,9
2024-10-01,P1023,LED Bulb Pack,Home & Kitchen,250,314280.98,45,174.0,200.0,196.0,190.0,10
2024-11-01,P1023,LED Bulb Pack,Home & Kitchen,181,228289.9,42,250.0,174.0,200.0,208.0,11
2024-12-01,P1023,LED Bulb Pack,Home & Kitchen,217,269788.37,43,181.0,250.0,174.0,201.66666666666666,12
2025-01-01,P1023,LED Bulb Pack,Home & Kitchen,217,270543.77,46,217.0,181.0,250.0,216.0,1
2025-02-01,P1023,LED Bulb Pack,Home & Kitchen,174,214968.7,36,217.0,217.0,181.0,205.0,2
2025-03-01,P1023,LED Bulb Pack,Home & Kitchen,210,264308.05,46,174.0,217.0,217.0,202.66666666666666,3
2025-04-01,P1023,LED Bulb Pack,Home & Kitchen,188,235590.71,43,210.0,174.0,217.0,200.33333333333334,4
2025-05-01,P1023,LED Bulb Pack,Home & Kitchen,212,265564.41,42,188.0,210.0,174.0,190.66666666666666,5
2025-06-01,P1023,LED Bulb Pack,Home & Kitchen,222,278093.05,42,212.0,188.0,210.0,203.33333333333334,6
2025-07-01,P1023,LED Bulb Pack,Home & Kitchen,237,295274.89,42,222.0,212.0,188.0,207.33333333333334,7
2025-08-01,P1023,LED Bulb Pack,Home & Kitchen,234,292442.57,47,237.0,222.0,212.0,223.66666666666666,8
2025-09-01,P1023,LED Bulb Pack,Home & Kitchen,244,307141.75,44,234.0,237.0,222.0,231.0,9
2024-01-01,P1024,Storage Containers,Home & Kitchen,501,840523.13,47,524.0,543.0,565.0,544.0,1
2024-02-01,P1024,Storage Containers,Home & Kitchen,447,743736.62,45,501.0,524.0,543.0,522.6666666666666,2
2024-03-01,P1024,Storage Containers,Home & Kitchen,518,868440.6,44,447.0,501.0,524.0,490.6666666666667,3
2024-04-01,P1024,Storage Containers,Home & Kitchen,468,783244.21,48,518.0,447.0,501.0,488.6666666666667,4
2024-05-01,P1024,Storage Containers,Home & Kitchen,499,832517.42,43,468.0,518.0,447.0,477.6666666666667,5
2024-06-01,P1024,Storage Containers,Home & Kitchen,502,829661.18,52,499.0,468.0,518.0,495.0,6
2024-07-01,P1024,Storage Containers,Home & Kitchen,476,797580.25,51,502.0,499.0,468.0,489.6666666666667,7
2024-08-01,P1024,Storage Containers,Home & Kitchen,546,915139.11,49,476.0,502.0,499.0,492.3333333333333,8
2024-09-01,P1024,Storage Containers,Home & Kitchen,469,785305.27,46,546.0,476.0,502.0,508.0,9
2024-10-01,P1024,Storage Containers,Home & Kitchen,479,798374.5,49,469.0,546.0,476.0,497.0,10
2024-11-01,P1024,Storage Containers,Home & Kitchen,518,869975.86,42,479.0,469.0,546.0,498.0,11
2024-12-01,P1024,Storage Containers,Home & Kitchen,572,953667.97,52,518.0,479.0,469.0,488.6666666666667,12
2025-01-01,P1024,Storage Containers,Home & Kitchen,555,939231.84,43,572.0,518.0,479.0,523.0,1
2025-02-01,P1024,Storage Containers,Home & Kitchen,402,672333.9,38,555.0,572.0,518.0,548.3333333333334,2
2025-03-01,P1024,Storage Containers,Home & Kitchen,471,790739.98,42,402.0,555.0,572.0,509.6666666666667,3
2025-04-01,P1024,Storage Containers,Home & Kitchen,474,788376.03,44,471.0,402.0,555.0,476.0,4
2025-05-01,P1024,Storage Containers,Home & Kitchen,486,816586.91,44,474.0,471.0,402.0,449.0,5
2025-06-01,P1024,Storage Containers,Home & Kitchen,482,806940.33,52,486.0,474.0,471.0,477.0,6
2025-07-01,P1024,Storage Containers,Home & Kitchen,530,880342.89,46,482.0,486.0,474.0,480.6666666666667,7
2025-08-01,P1024,Storage Containers,Home & Kitchen,574,960697.84,52,530.0,482.0,486.0,499.3333333333333,8
2025-09-01,P1024,Storage Containers,Home & Kitchen,508,854282.42,41,574.0,530.0,482.0,528.6666666666666,9
2024-01-01,P1025,Bedsheet Set,Home & Kitchen,318,1166532.05,44,326.0,298.0,329.0,317.6666666666667,1
2024-02-01,P1025,Bedsheet Set,Home & Kitchen,307,1147654.21,39,318.0,326.0,298.0,314.0,2
2024-03-01,P1025,Bedsheet Set,Home & Kitchen,341,1259674.95,49,307.0,318.0,326.0,317.0,3
2024-04-01,P1025,Bedsheet Set,Home & Kitchen,385,1422730.5,41,341.0,307.0,318.0,322.0,4
2024-05-01,P1025,Bedsheet Set,Home & Kitchen,504,1876346.7,49,385.0,341.0,307.0,344.3333333333333,5
2024-06-01,P1025,Bedsheet Set,Home & Kitchen,459,1686230.66,43,504.0,385.0,341.0,410.0,6
2024-07-01,P1025,Bedsheet Set,Home & Kitchen,370,1380087.58,47,459.0,504.0,385.0,449.3333333333333,7
2024-08-01,P1025,Bedsheet Set,Home & Kitchen,477,1766783.59,46,370.0,459.0,504.0,444.3333333333333,8
2024-09-01,P1025,Bedsheet Set,Home & Kitchen,330,1209958.51,41,477.0,370.0,459.0,435.3333333333333,9
2024-10-01,P1025,Bedsheet Set,Home & Kitchen,322,1205253.38,41,330.0,477.0,370.0,392.3333333333333,10
2024-11-01,P1025,Bedsheet Set,Home & Kitchen,298,1113488.79,36,322.0,330.0,477.0,376.3333333333333,11
2024-12-01,P1025,Bedsheet Set,Home & Kitchen,310,1149130.74,38,298.0,322.0,330.0,316.6666666666667,12
2025-01-01,P1025,Bedsheet Set,Home & Kitchen,333,1241485.9,41,310.0,298.0,322.0,310.0,1
2025-02-01,P1025,Bedsheet Set,Home & Kitchen,233,860716.76,41,333.0,310.0,298.0,313.6666666666667,2
2025-03-01,P1025,Bedsheet Set,Home & Kitchen,339,1253195.74,42,233.0,333.0,310.0,292.0,3
2025-04-01,P1025,Bedsheet Set,Home & Kitchen,418,1561609.24,47,339.0,233.0,333.0,301.6666666666667,4
2025-05-01,P1025,Bedsheet Set,Home & Kitchen,469,1736211.15,46,418.0,339.0,233.0,330.0,5
2025-06-01,P1025,Bedsheet Set,Home & Kitchen,410,1521289.8,52,469.0,418.0,339.0,408.6666666666667,6
2025-07-01,P1025,Bedsheet Set,Home & Kitchen,425,1573268.29,47,410.0,469.0,418.0,432.3333333333333,7
2025-08-01,P1025,Bedsheet Set,Home & Kitchen,447,1677364.33,43,425.0,410.0,469.0,434.6666666666667,8
2025-09-01,P1025,Bedsheet Set,Home & Kitchen,360,1339658.17,47,447.0,425.0,410.0,427.3333333333333,9
2024-01-01,P1026,Curtains,Home & Kitchen,336,1096586.52,42,367.0,346.0,313.0,342.0,1
2024-02-01,P1026,Curtains,Home & Kitchen,248,800987.16,47,336.0,367.0,346.0,349.6666666666667,2
2024-03-01,P1026,Curtains,Home & Kitchen,373,1211958.49,48,248.0,336.0,367.0,317.0,3
2024-04-01,P1026,Curtains,Home & Kitchen,362,1167533.99,44,373.0,248.0,336.0,319.0,4
2024-05-01,P1026,Curtains,Home & Kitchen,366,1199649.04,50,362.0,373.0,248.0,327.6666666666667,5
2024-06-01,P1026,Curtains,Home & Kitchen,363,1182226.67,46,366.0,362.0,373.0,367.0,6
2024-07-01,P1026,Curtains,Home & Kitchen,439,1423175.8,45,363.0,366.0,362.0,363.6666666666667,7
2024-08-01,P1026,Curtains,Home & Kitchen,424,1378551.48,49,439.0,363.0,366.0,389.3333333333333,8
2024-09-01,P1026,Curtains,Home & Kitchen,377,1221228.07,49,424.0,439.0,363.0,408.6666666666667,9
2024-10-01,P1026,Curtains,Home & Kitchen,379,1238489.34,47,377.0,424.0,439.0,413.3333333333333,10
2024-11-01,P1026,Curtains,Home & Kitchen,429,1389229.13,47,379.0,377.0,424.0,393.3333333333333,11
2024-12-01,P1026,Curtains,Home & Kitchen,494,1598414.29,49,429.0,379.0,377.0,395.0,12
2025-01-01,P1026,Curtains,Home & Kitchen,434,1409599.92,47,494.0,429.0,379.0,434.0,1
2025-02-01,P1026,Curtains,Home & Kitchen,315,1016335.93,44,434.0,494.0,429.0,452.3333333333333,2
2025-03-01,P1026,Curtains,Home & Kitchen,461,1491184.29,48,315.0,434.0,494.0,414.3333333333333,3
2025-04-01,P1026,Curtains,Home & Kitchen,450,1450725.29,42,461.0,315.0,434.0,403.3333333333333,4
2025-05-01,P1026,Curtains,Home & Kitchen,465,1513214.73,51,450.0,461.0,315.0,408.6666666666667,5
2025-06-01,P1026,Curtains,Home & Kitchen,465,1507658.1,44,465.0,450.0,461.0,458.6666666666667,6
2025-07-01,P1026,Curtains,Home & Kitchen,458,1499697.98,43,465.0,465.0,450.0,460.0,7
2025-08-01,P1026,Curtains,Home & Kitchen,519,1676354.33,47,458.0,465.0,465.0,462.6666666666667,8
2025-09-01,P1026,Curtains,Home & Kitchen,500,1599578.22,45,519.0,458.0,465.0,480.6666666666667,9
2024-01-01,P1027,Air Freshener,Home & Kitchen,532,2268423.39,46,582.0,473.0,618.0,557.6666666666666,1
2024-02-01,P1027,Air Freshener,Home & Kitchen,418,1751359.54,41,532.0,582.0,473.0,529.0,2
2024-03-01,P1027,Air Freshener,Home & Kitchen,500,2122081.85,46,418.0,532.0,582.0,510.6666666666667,3
2024-04-01,P1027,Air Freshener,Home & Kitchen,539,2283381.11,42,500.0,418.0,532.0,483.3333333333333,4
2024-05-01,P1027,Air Freshener,Home & Kitchen,559,2318046.24,49,539.0,500.0,418.0,485.6666666666667,5
2024-06-01,P1027,Air Freshener,Home & Kitchen,542,2308086.08,42,559.0,539.0,500.0,532.6666666666666,6
2024-07-01,P1027,Air Freshener,Home & Kitchen,499,2100824.3,48,542.0,559.0,539.0,546.6666666666666,7
2024-08-01,P1027,Air Freshener,Home & Kitchen,591,2496356.01,45,499.0,542.0,559.0,533.3333333333334,8
2024-09-01,P1027,Air Freshener,Home & Kitchen,450,1893697.3,40,591.0,499.0,542.0,544.0,9
2024-10-01,P1027,Air Freshener,Home & Kitchen,515,2168972.67,50,450.0,591.0,499.0,513.3333333333334,10
2024-11-01,P1027,Air Freshener,Home & Kitchen,470,1983522.04,42,515.0,450.0,591.0,518.6666666666666,11
2024-12-01,P1027,Air Freshener,Home & Kitchen,599,2516240.45,47,470.0,515.0,450.0,478.3333333333333,12
2025-01-01,P1027,Air Freshener,Home & Kitchen,494,2056878.04,47,599.0,470.0,515.0,528.0,1
2025-02-01,P1027,Air Freshener,Home & Kitchen,461,1966374.33,44,494.0,599.0,470.0,521.0,2
2025-03-01,P1027,Air Freshener,Home & Kitchen,492,2073249.7,52,461.0,494.0,599.0,518.0,3
2025-04-01,P1027,Air Freshener,Home & Kitchen,480,2009321.3,45,492.0,461.0,494.0,482.3333333333333,4
2025-05-01,P1027,Air Freshener,Home & Kitchen,545,2317570.65,47,480.0,492.0,461.0,477.6666666666667,5
2025-06-01,P1027,Air Freshener,Home & Kitchen,521,2188191.31,51,545.0,480.0,492.0,505.6666666666667,6
2025-07-01,P1027,Air Freshener,Home & Kitchen,496,2082573.05,46,521.0,545.0,480.0,515.3333333333334,7
2025-08-01,P1027,Air Freshener,Home & Kitchen,609,2589952.88,41,496.0,521.0,545.0,520.6666666666666,8
2025-09-01,P1027,Air Freshener,Home & Kitchen,531,2252717.0300000003,43,609.0,496.0,521.0,542.0,9
2024-01-01,P1028,Vacuum Cleaner,Home & Kitchen,178,580871.43,41,208.0,170.0,145.0,174.33333333333334,1
2024-02-01,P1028,Vacuum Cleaner,Home & Kitchen,135,443854.65,37,178.0,208.0,170.0,185.33333333333334,2
2024-03-01,P1028,Vacuum Cleaner,Home & Kitchen,174,572318.23,40,135.0,178.0,208.0,173.66666666666666,3
2024-04-01,P1028,Vacuum Cleaner,Home & Kitchen,174,572873.69,38,174.0,135.0,178.0,162.33333333333334,4
2024-05-01,P1028,Vacuum Cleaner,Home & Kitchen,184,610376.4400000001,46,174.0,174.0,135.0,161.0,5
2024-06-01,P1028,Vacuum Cleaner,Home & Kitchen,181,595837.71,36,184.0,174.0,174.0,177.33333333333334,6
2024-07-01,P1028,Vacuum Cleaner,Home & Kitchen,185,604233.97,48,181.0,184.0,174.0,179.66666666666666,7
2024-08-01,P1028,Vacuum Cleaner,Home & Kitchen,179,583739.48,44,185.0,181.0,184.0,183.33333333333334,8
2024-09-01,P1028,Vacuum Cleaner,Home & Kitchen,175,572129.4,45,179.0,185.0,181.0,181.66666666666666,9
2024-10-01,P1028,Vacuum Cleaner,Home & Kitchen,218,701835.9299999999,43,175.0,179.0,185.0,179.66666666666666,10
2024-11-01,P1028,Vacuum Cleaner,Home & Kitchen,179,588848.9500000001,43,218.0,175.0,179.0,190.66666666666666,11
2024-12-01,P1028,Vacuum Cleaner,Home & Kitchen,182,595639.76,45,179.0,218.0,175.0,190.66666666666666,12
2025-01-01,P1028,Vacuum Cleaner,Home & Kitchen,183,595533.07,44,182.0,179.0,218.0,193.0,1
2025-02-01,P1028,Vacuum Cleaner,Home & Kitchen,159,518215.77,38,183.0,182.0,179.0,181.33333333333334,2
2025-03-01,P1028,Vacuum Cleaner,Home & Kitchen,174,577679.41,44,159.0,183.0,182.0,174.66666666666666,3
2025-04-01,P1028,Vacuum Cleaner,Home & Kitchen,156,512881.13,36,174.0,159.0,183.0,172.0,4
2025-05-01,P1028,Vacuum Cleaner,Home & Kitchen,178,588604.49,44,156.0,174.0,159.0,163.0,5
2025-06-01,P1028,Vacuum Cleaner,Home & Kitchen,162,530079.3,38,178.0,156.0,174.0,169.33333333333334,6
2025-07-01,P1028,Vacuum Cleaner,Home & Kitchen,203,667213.56,50,162.0,178.0,156.0,165.33333333333334,7
2025-08-01,P1028,Vacuum Cleaner,Home & Kitchen,228,742574.4400000001,43,203.0,162.0,178.0,181.0,8
2025-09-01,P1028,Vacuum Cleaner,Home & Kitchen,191,623515.73,38,228.0,203.0,162.0,197.66666666666666,9
2024-01-01,P1029,Table Lamp,Home & Kitchen,251,712753.65,47,238.0,236.0,256.0,243.33333333333334,1
2024-02-01,P1029,Table Lamp,Home & Kitchen,252,721337.3,46,251.0,238.0,236.0,241.66666666666666,2
2024-03-01,P1029,Table Lamp,Home & Kitchen,266,758739.93,47,252.0,251.0,238.0,247.0,3
2024-04-01,P1029,Table Lamp,Home & Kitchen,259,735507.15,42,266.0,252.0,251.0,256.3333333333333,4
2024-05-01,P1029,Table Lamp,Home & Kitchen,282,802930.86,45,259.0,266.0,252.0,259.0,5
2024-06-01,P1029,Table Lamp,Home & Kitchen,259,732318.87,38,282.0,259.0,266.0,269.0,6
2024-07-01,P1029,Table Lamp,Home & Kitchen,281,803931.38,45,259.0,282.0,259.0,266.6666666666667,7
2024-08-01,P1029,Table Lamp,Home & Kitchen,333,957409.62,47,281.0,259.0,282.0,274.0,8
2024-09-01,P1029,Table Lamp,Home & Kitchen,270,762661.81,41,333.0,281.0,259.0,291.0,9
2024-10-01,P1029,Table Lamp,Home & Kitchen,316,897885.8,51,270.0,333.0,281.0,294.6666666666667,10
2024-11-01,P1029,Table Lamp,Home & Kitchen,290,816098.81,43,316.0,270.0,333.0,306.3333333333333,11
2024-12-01,P1029,Table Lamp,Home & Kitchen,369,1048798.52,47,290.0,316.0,270.0,292.0,12
2025-01-01,P1029,Table Lamp,Home & Kitchen,336,959106.87,46,369.0,290.0,316.0,325.0,1
2025-02-01,P1029,Table Lamp,Home & Kitchen,268,763204.67,46,336.0,369.0,290.0,331.6666666666667,2
2025-03-01,P1029,Table Lamp,Home & Kitchen,290,822671.99,47,268.0,336.0,369.0,324.3333333333333,3
2025-04-01,P1029,Table Lamp,Home & Kitchen,308,871613.86,44,290.0,268.0,336.0,298.0,4
2025-05-01,P1029,Table Lamp,Home & Kitchen,345,974863.95,47,308.0,290.0,268.0,288.6666666666667,5
2025-06-01,P1029,Table Lamp,Home & Kitchen,357,1012642.77,46,345.0,308.0,290.0,314.3333333333333,6
2025-07-01,P1029,Table Lamp,Home & Kitchen,353,992182.13,46,357.0,345.0,308.0,336.6666666666667,7
2025-08-01,P1029,Table Lamp,Home & Kitchen,389,1113503.28,42,353.0,357.0,345.0,351.6666666666667,8
2025-09-01,P1029,Table Lamp,Home & Kitchen,370,1058207.43,45,389.0,353.0,357.0,366.3333333333333,9
2024-01-01,P1030,Face Wash,Beauty & Personal Care,322,179739.65,41,355.0,342.0,391.0,362.6666666666667,1
2024-02-01,P1030,Face Wash,Beauty & Personal Care,295,165669.88,44,322.0,355.0,342.0,339.6666666666667,2
2024-03-01,P1030,Face Wash,Beauty & Personal Care,351,192838.59,48,295.0,322.0,355.0,324.0,3
2024-04-01,P1030,Face Wash,Beauty & Personal Care,378,214624.63,40,351.0,295.0,322.0,322.6666666666667,4
2024-05-01,P1030,Face Wash,Beauty & Personal Care,379,214211.0,46,378.0,351.0,295.0,341.3333333333333,5
2024-06-01,P1030,Face Wash,Beauty & Personal Care,354,201140.58,41,379.0,378.0,351.0,369.3333333333333,6
2024-07-01,P1030,Face Wash,Beauty & Personal Care,299,167129.06,46,354.0,379.0,378.0,370.3333333333333,7
2024-08-01,P1030,Face Wash,Beauty & Personal Care,349,194909.64,42,299.0,354.0,379.0,344.0,8
2024-09-01,P1030,Face Wash,Beauty & Personal Care,290,162663.06,44,349.0,299.0,354.0,334.0,9
2024-10-01,P1030,Face Wash,Beauty & Personal Care,340,188347.78,44,290.0,349.0,299.0,312.6666666666667,10
2024-11-01,P1030,Face Wash,Beauty & Personal Care,372,209539.16,46,340.0,290.0,349.0,326.3333333333333,11
2024-12-01,P1030,Face Wash,Beauty & Personal Care,391,219300.69,46,372.0,340.0,290.0,334.0,12
2025-01-01,P1030,Face Wash,Beauty & Personal Care,361,202367.28,49,391.0,372.0,340.0,367.6666666666667,1
2025-02-01,P1030,Face Wash,Beauty & Personal Care,282,158285.32,42,361.0,391.0,372.0,374.6666666666667,2
2025-03-01,P1030,Face Wash,Beauty & Personal Care,321,179652.58,52,282.0,361.0,391.0,344.6666666666667,3
2025-04-01,P1030,Face Wash,Beauty & Personal Care,305,169681.89,43,321.0,282.0,361.0,321.3333333333333,4
2025-05-01,P1030,Face Wash,Beauty & Personal Care,377,214277.81,41,305.0,321.0,282.0,302.6666666666667,5
2025-06-01,P1030,Face Wash,Beauty & Personal Care,327,183713.83,42,377.0,305.0,321.0,334.3333333333333,6
2025-07-01,P1030,Face Wash,Beauty & Personal Care,327,184197.4,45,327.0,377.0,305.0,336.3333333333333,7
2025-08-01,P1030,Face Wash,Beauty & Personal Care,443,247574.48,46,327.0,327.0,377.0,343.6666666666667,8
2025-09-01,P1030,Face Wash,Beauty & Personal Care,368,203826.82,41,443.0,327.0,327.0,365.6666666666667,9
2024-01-01,P1031,Shampoo,Beauty & Personal Care,356,665447.4,47,360.0,323.0,350.0,344.3333333333333,1
2024-02-01,P1031,Shampoo,Beauty & Personal Care,348,663230.54,46,356.0,360.0,323.0,346.3333333333333,2
2024-03-01,P1031,Shampoo,Beauty & Personal Care,379,703808.94,48,348.0,356.0,360.0,354.6666666666667,3
2024-04-01,P1031,Shampoo,Beauty & Personal Care,398,742801.39,40,379.0,348.0,356.0,361.0,4
2024-05-01,P1031,Shampoo,Beauty & Personal Care,391,740143.73,44,398.0,379.0,348.0,375.0,5
2024-06-01,P1031,Shampoo,Beauty & Personal Care,396,746618.67,46,391.0,398.0,379.0,389.3333333333333,6
2024-07-01,P1031,Shampoo,Beauty & Personal Care,433,820104.3,42,396.0,391.0,398.0,395.0,7
2024-08-01,P1031,Shampoo,Beauty & Personal Care,502,942656.45,43,433.0,396.0,391.0,406.6666666666667,8
2024-09-01,P1031,Shampoo,Beauty & Personal Care,422,788462.33,43,502.0,433.0,396.0,443.6666666666667,9
2024-10-01,P1031,Shampoo,Beauty & Personal Care,526,988853.96,46,422.0,502.0,433.0,452.3333333333333,10
2024-11-01,P1031,Shampoo,Beauty & Personal Care,469,883822.16,48,526.0,422.0,502.0,483.3333333333333,11
2024-12-01,P1031,Shampoo,Beauty & Personal Care,450,848910.24,50,469.0,526.0,422.0,472.3333333333333,12
2025-01-01,P1031,Shampoo,Beauty & Personal Care,490,926026.7,43,450.0,469.0,526.0,481.6666666666667,1
2025-02-01,P1031,Shampoo,Beauty & Personal Care,475,899436.9,36,490.0,450.0,469.0,469.6666666666667,2
2025-03-01,P1031,Shampoo,Beauty & Personal Care,444,837259.85,51,475.0,490.0,450.0,471.6666666666667,3
2025-04-01,P1031,Shampoo,Beauty & Personal Care,457,856386.34,47,444.0,475.0,490.0,469.6666666666667,4
2025-05-01,P1031,Shampoo,Beauty & Personal Care,468,871108.24,50,457.0,444.0,475.0,458.6666666666667,5
2025-06-01,P1031,Shampoo,Beauty & Personal Care,470,886658.42,49,468.0,457.0,444.0,456.3333333333333,6
2025-07-01,P1031,Shampoo,Beauty & Personal Care,577,1093927.21,43,470.0,468.0,457.0,465.0,7
2025-08-01,P1031,Shampoo,Beauty & Personal Care,554,1030503.96,48,577.0,470.0,468.0,505.0,8
2025-09-01,P1031,Shampoo,Beauty & Personal Care,564,1060605.64,45,554.0,577.0,470.0,533.6666666666666,9
2024-01-01,P1032,Body Lotion,Beauty & Personal Care,113,155735.4,32,106.0,117.0,112.0,111.66666666666667,1
2024-02-01,P1032,Body Lotion,Beauty & Personal Care,108,147055.87,34,113.0,106.0,117.0,112.0,2
2024-03-01,P1032,Body Lotion,Beauty & Personal Care,128,177567.64,42,108.0,113.0,106.0,109.0,3
2024-04-01,P1032,Body Lotion,Beauty & Personal Care,134,185590.43,41,128.0,108.0,113.0,116.33333333333333,4
2024-05-01,P1032,Body Lotion,Beauty & Personal Care,131,181935.46,41,134.0,128.0,108.0,123.33333333333333,5
2024-06-01,P1032,Body Lotion,Beauty & Personal Care,122,169861.56,39,131.0,134.0,128.0,131.0,6
2024-07-01,P1032,Body Lotion,Beauty & Personal Care,118,163570.8,34,122.0,131.0,134.0,129.0,7
2024-08-01,P1032,Body Lotion,Beauty & Personal Care,135,187133.49,42,118.0,122.0,131.0,123.66666666666667,8
2024-09-01,P1032,Body Lotion,Beauty & Personal Care,137,189616.74,37,135.0,118.0,122.0,125.0,9
2024-10-01,P1032,Body Lotion,Beauty & Personal Care,136,189442.52,42,137.0,135.0,118.0,130.0,10
2024-11-01,P1032,Body Lotion,Beauty & Personal Care,120,164945.86,36,136.0,137.0,135.0,136.0,11
2024-12-01,P1032,Body Lotion,Beauty & Personal Care,154,214014.6,40,120.0,136.0,137.0,131.0,12
2025-01-01,P1032,Body Lotion,Beauty & Personal Care,144,201500.23,38,154.0,120.0,136.0,136.66666666666666,1
2025-02-01,P1032,Body Lotion,Beauty & Personal Care,109,151388.92,39,144.0,154.0,120.0,139.33333333333334,2
2025-03-01,P1032,Body Lotion,Beauty & Personal Care,148,206437.49,38,109.0,144.0,154.0,135.66666666666666,3
2025-04-01,P1032,Body Lotion,Beauty & Personal Care,157,218649.05,37,148.0,109.0,144.0,133.66666666666666,4
2025-05-01,P1032,Body Lotion,Beauty & Personal Care,154,213608.21,46,157.0,148.0,109.0,138.0,5
2025-06-01,P1032,Body Lotion,Beauty & Personal Care,138,191018.6,39,154.0,157.0,148.0,153.0,6
2025-07-01,P1032,Body Lotion,Beauty & Personal Care,152,213239.32,43,138.0,154.0,157.0,149.66666666666666,7
2025-08-01,P1032,Body Lotion,Beauty & Personal Care,204,283932.77,51,152.0,138.0,154.0,148.0,8
2025-09-01,P1032,Body Lotion,Beauty & Personal Care,177,246321.0,41,204.0,152.0,138.0,164.66666666666666,9
2024-01-01,P1033,Perfume,Beauty & Personal Care,237,305069.41,42,202.0,220.0,230.0,217.33333333333334,1
2024-02-01,P1033,Perfume,Beauty & Personal Care,194,248939.24,37,237.0,202.0,220.0,219.66666666666666,2
2024-03-01,P1033,Perfume,Beauty & Personal Care,209,264867.42,35,194.0,237.0,202.0,211.0,3
2024-04-01,P1033,Perfume,Beauty & Personal Care,179,230196.86,39,209.0,194.0,237.0,213.33333333333334,4
2024-05-01,P1033,Perfume,Beauty & Personal Care,189,240973.96,38,179.0,209.0,194.0,194.0,5
2024-06-01,P1033,Perfume,Beauty & Personal Care,219,278119.6,38,189.0,179.0,209.0,192.33333333333334,6
2024-07-01,P1033,Perfume,Beauty & Personal Care,292,369715.03,48,219.0,189.0,179.0,195.66666666666666,7
2024-08-01,P1033,Perfume,Beauty & Personal Care,265,342030.96,44,292.0,219.0,189.0,233.33333333333334,8
2024-09-01,P1033,Perfume,Beauty & Personal Care,205,263005.69,39,265.0,292.0,219.0,258.6666666666667,9
2024-10-01,P1033,Perfume,Beauty & Personal Care,249,319197.87,41,205.0,265.0,292.0,254.0,10
2024-11-01,P1033,Perfume,Beauty & Personal Care,184,233790.64,32,249.0,205.0,265.0,239.66666666666666,11
2024-12-01,P1033,Perfume,Beauty & Personal Care,254,325543.79,37,184.0,249.0,205.0,212.66666666666666,12
2025-01-01,P1033,Perfume,Beauty & Personal Care,277,356197.1,42,254.0,184.0,249.0,229.0,1
2025-02-01,P1033,Perfume,Beauty & Personal Care,175,224454.22,34,277.0,254.0,184.0,238.33333333333334,2
2025-03-01,P1033,Perfume,Beauty & Personal Care,187,239667.09,42,175.0,277.0,254.0,235.33333333333334,3
2025-04-01,P1033,Perfume,Beauty & Personal Care,245,314751.46,43,187.0,175.0,277.0,213.0,4
2025-05-01,P1033,Perfume,Beauty & Personal Care,181,231132.9,46,245.0,187.0,175.0,202.33333333333334,5
2025-06-01,P1033,Perfume,Beauty & Personal Care,248,319032.77,44,181.0,245.0,187.0,204.33333333333334,6
2025-07-01,P1033,Perfume,Beauty & Personal Care,247,317755.46,45,248.0,181.0,245.0,224.66666666666666,7
2025-08-01,P1033,Perfume,Beauty & Personal Care,258,330865.53,35,247.0,248.0,181.0,225.33333333333334,8
2025-09-01,P1033,Perfume,Beauty & Personal Care,204,261215.14,37,258.0,247.0,248.0,251.0,9
2024-01-01,P1034,Hair Dryer,Beauty & Personal Care,271,1318666.24,37,280.0,246.0,269.0,265.0,1
2024-02-01,P1034,Hair Dryer,Beauty & Personal Care,235,1139132.2,42,271.0,280.0,246.0,265.6666666666667,2
2024-03-01,P1034,Hair Dryer,Beauty & Personal Care,249,1195756.37,39,235.0,271.0,280.0,262.0,3
2024-04-01,P1034,Hair Dryer,Beauty & Personal Care,291,1412656.9,44,249.0,235.0,271.0,251.66666666666666,4
2024-05-01,P1034,Hair Dryer,Beauty & Personal Care,262,1258476.92,45,291.0,249.0,235.0,258.3333333333333,5
2024-06-01,P1034,Hair Dryer,Beauty & Personal Care,276,1334905.29,46,262.0,291.0,249.0,267.3333333333333,6
2024-07-01,P1034,Hair Dryer,Beauty & Personal Care,259,1253680.58,40,276.0,262.0,291.0,276.3333333333333,7
2024-08-01,P1034,Hair Dryer,Beauty & Personal Care,290,1399091.16,37,259.0,276.0,262.0,265.6666666666667,8
2024-09-01,P1034,Hair Dryer,Beauty & Personal Care,255,1215823.7,42,290.0,259.0,276.0,275.0,9
2024-10-01,P1034,Hair Dryer,Beauty & Personal Care,248,1181079.65,36,255.0,290.0,259.0,268.0,10
2024-11-01,P1034,Hair Dryer,Beauty & Personal Care,244,1154195.24,32,248.0,255.0,290.0,264.3333333333333,11
2024-12-01,P1034,Hair Dryer,Beauty & Personal Care,305,1451697.91,37,244.0,248.0,255.0,249.0,12
2025-01-01,P1034,Hair Dryer,Beauty & Personal Care,238,1139998.12,34,305.0,244.0,248.0,265.6666666666667,1
2025-02-01,P1034,Hair Dryer,Beauty & Personal Care,241,1169468.16,30,238.0,305.0,244.0,262.3333333333333,2
2025-03-01,P1034,Hair Dryer,Beauty & Personal Care,262,1261679.15,44,241.0,238.0,305.0,261.3333333333333,3
2025-04-01,P1034,Hair Dryer,Beauty & Personal Care,285,1370444.82,42,262.0,241.0,238.0,247.0,4
2025-05-01,P1034,Hair Dryer,Beauty & Personal Care,287,1370244.16,46,285.0,262.0,241.0,262.6666666666667,5
2025-06-01,P1034,Hair Dryer,Beauty & Personal Care,232,1110759.88,43,287.0,285.0,262.0,278.0,6
2025-07-01,P1034,Hair Dryer,Beauty & Personal Care,205,982616.23,42,232.0,287.0,285.0,268.0,7
2025-08-01,P1034,Hair Dryer,Beauty & Personal Care,294,1407495.82,43,205.0,232.0,287.0,241.33333333333334,8
2025-09-01,P1034,Hair Dryer,Beauty & Personal Care,293,1426141.39,41,294.0,205.0,232.0,243.66666666666666,9
2024-01-01,P1035,Trimmer,Beauty & Personal Care,337,667026.28,39,314.0,261.0,320.0,298.3333333333333,1
2024-02-01,P1035,Trimmer,Beauty & Personal Care,392,787270.8,47,337.0,314.0,261.0,304.0,2
2024-03-01,P1035,Trimmer,Beauty & Personal Care,407,821115.89,47,392.0,337.0,314.0,347.6666666666667,3
2024-04-01,P1035,Trimmer,Beauty & Personal Care,439,895737.42,43,407.0,392.0,337.0,378.6666666666667,4
2024-05-01,P1035,Trimmer,Beauty & Personal Care,469,949843.59,49,439.0,407.0,392.0,412.6666666666667,5
2024-06-01,P1035,Trimmer,Beauty & Personal Care,438,885255.8,45,469.0,439.0,407.0,438.3333333333333,6
2024-07-01,P1035,Trimmer,Beauty & Personal Care,456,912942.78,48,438.0,469.0,439.0,448.6666666666667,7
2024-08-01,P1035,Trimmer,Beauty & Personal Care,460,915245.41,40,456.0,438.0,469.0,454.3333333333333,8
2024-09-01,P1035,Trimmer,Beauty & Personal Care,299,596527.32,50,460.0,456.0,438.0,451.3333333333333,9
2024-10-01,P1035,Trimmer,Beauty & Personal Care,369,748780.11,45,299.0,460.0,456.0,405.0,10
2024-11-01,P1035,Trimmer,Beauty & Personal Care,276,550448.82,39,369.0,299.0,460.0,376.0,11
2024-12-01,P1035,Trimmer,Beauty & Personal Care,286,577837.52,43,276.0,369.0,299.0,314.6666666666667,12
2025-01-01,P1035,Trimmer,Beauty & Personal Care,327,653713.35,47,286.0,276.0,369.0,310.3333333333333,1
2025-02-01,P1035,Trimmer,Beauty & Personal Care,346,688622.62,44,327.0,286.0,276.0,296.3333333333333,2
2025-03-01,P1035,Trimmer,Beauty & Personal Care,371,753896.79,43,346.0,327.0,286.0,319.6666666666667,3
2025-04-01,P1035,Trimmer,Beauty & Personal Care,427,859085.59,44,371.0,346.0,327.0,348.0,4
2025-05-01,P1035,Trimmer,Beauty & Personal Care,486,971967.0,52,427.0,371.0,346.0,381.3333333333333,5
2025-06-01,P1035,Trimmer,Beauty & Personal Care,505,1029652.66,49,486.0,427.0,371.0,428.0,6
2025-07-01,P1035,Trimmer,Beauty & Personal Care,432,872598.78,49,505.0,486.0,427.0,472.6666666666667,7
2025-08-01,P1035,Trimmer,Beauty & Personal Care,429,866642.55,48,432.0,505.0,486.0,474.3333333333333,8
2025-09-01,P1035,Trimmer,Beauty & Personal Care,413,818678.05,41,429.0,432.0,505.0,455.3333333333333,9
2024-01-01,P1036,Sunscreen,Beauty & Personal Care,286,1270751.1,43,394.0,329.0,341.0,354.6666666666667,1
2024-02-01,P1036,Sunscreen,Beauty & Personal Care,316,1383830.42,46,286.0,394.0,329.0,336.3333333333333,2
2024-03-01,P1036,Sunscreen,Beauty & Personal Care,311,1376421.2,50,316.0,286.0,394.0,332.0,3
2024-04-01,P1036,Sunscreen,Beauty & Personal Care,316,1412249.34,42,311.0,316.0,286.0,304.3333333333333,4
2024-05-01,P1036,Sunscreen,Beauty & Personal Care,284,1249686.64,43,316.0,311.0,316.0,314.3333333333333,5
2024-06-01,P1036,Sunscreen,Beauty & Personal Care,317,1389185.64,47,284.0,316.0,311.0,303.6666666666667,6
2024-07-01,P1036,Sunscreen,Beauty & Personal Care,328,1461460.21,48,317.0,284.0,316.0,305.6666666666667,7
2024-08-01,P1036,Sunscreen,Beauty & Personal Care,385,1727609.8,46,328.0,317.0,284.0,309.6666666666667,8
2024-09-01,P1036,Sunscreen,Beauty & Personal Care,265,1169727.51,42,385.0,328.0,317.0,343.3333333333333,9
2024-10-01,P1036,Sunscreen,Beauty & Personal Care,296,1303384.07,45,265.0,385.0,328.0,326.0,10
2024-11-01,P1036,Sunscreen,Beauty & Personal Care,215,956206.89,39,296.0,265.0,385.0,315.3333333333333,11
2024-12-01,P1036,Sunscreen,Beauty & Personal Care,271,1199081.15,47,215.0,296.0,265.0,258.6666666666667,12
2025-01-01,P1036,Sunscreen,Beauty & Personal Care,280,1233836.0,38,271.0,215.0,296.0,260.6666666666667,1
2025-02-01,P1036,Sunscreen,Beauty & Personal Care,208,914343.24,40,280.0,271.0,215.0,255.33333333333334,2
2025-03-01,P1036,Sunscreen,Beauty & Personal Care,235,1035870.33,49,208.0,280.0,271.0,253.0,3
2025-04-01,P1036,Sunscreen,Beauty & Personal Care,208,912121.44,38,235.0,208.0,280.0,241.0,4
2025-05-01,P1036,Sunscreen,Beauty & Personal Care,231,1020780.34,47,208.0,235.0,208.0,217.0,5
2025-06-01,P1036,Sunscreen,Beauty & Personal Care,224,999834.58,43,231.0,208.0,235.0,224.66666666666666,6
2025-07-01,P1036,Sunscreen,Beauty & Personal Care,209,920841.32,41,224.0,231.0,208.0,221.0,7
2025-08-01,P1036,Sunscreen,Beauty & Personal Care,264,1166194.16,44,209.0,224.0,231.0,221.33333333333334,8
2025-09-01,P1036,Sunscreen,Beauty & Personal Care,251,1110817.55,39,264.0,209.0,224.0,232.33333333333334,9
2024-01-01,P1037,Lip Balm,Beauty & Personal Care,304,953967.07,43,337.0,282.0,296.0,305.0,1
2024-02-01,P1037,Lip Balm,Beauty & Personal Care,265,829529.24,44,304.0,337.0,282.0,307.6666666666667,2
2024-03-01,P1037,Lip Balm,Beauty & Personal Care,327,1038713.18,46,265.0,304.0,337.0,302.0,3
2024-04-01,P1037,Lip Balm,Beauty & Personal Care,358,1137112.16,42,327.0,265.0,304.0,298.6666666666667,4
2024-05-01,P1037,Lip Balm,Beauty & Personal Care,323,1008702.13,43,358.0,327.0,265.0,316.6666666666667,5
2024-06-01,P1037,Lip Balm,Beauty & Personal Care,317,994584.57,41,323.0,358.0,327.0,336.0,6
2024-07-01,P1037,Lip Balm,Beauty & Personal Care,322,1014798.92,45,317.0,323.0,358.0,332.6666666666667,7
2024-08-01,P1037,Lip Balm,Beauty & Personal Care,402,1282145.39,45,322.0,317.0,323.0,320.6666666666667,8
2024-09-01,P1037,Lip Balm,Beauty & Personal Care,316,991457.29,37,402.0,322.0,317.0,347.0,9
2024-10-01,P1037,Lip Balm,Beauty & Personal Care,394,1235341.31,50,316.0,402.0,322.0,346.6666666666667,10
2024-11-01,P1037,Lip Balm,Beauty & Personal Care,380,1192422.39,44,394.0,316.0,402.0,370.6666666666667,11
2024-12-01,P1037,Lip Balm,Beauty & Personal Care,409,1274808.37,45,380.0,394.0,316.0,363.3333333333333,12
2025-01-01,P1037,Lip Balm,Beauty & Personal Care,382,1203241.75,40,409.0,380.0,394.0,394.3333333333333,1
2025-02-01,P1037,Lip Balm,Beauty & Personal Care,310,981188.55,42,382.0,409.0,380.0,390.3333333333333,2
2025-03-01,P1037,Lip Balm,Beauty & Personal Care,374,1165299.53,46,310.0,382.0,409.0,367.0,3
2025-04-01,P1037,Lip Balm,Beauty & Personal Care,387,1207944.78,47,374.0,310.0,382.0,355.3333333333333,4
2025-05-01,P1037,Lip Balm,Beauty & Personal Care,437,1390366.46,47,387.0,374.0,310.0,357.0,5
2025-06-01,P1037,Lip Balm,Beauty & Personal Care,417,1314403.86,46,437.0,387.0,374.0,399.3333333333333,6
2025-07-01,P1037,Lip Balm,Beauty & Personal Care,424,1340563.4,43,417.0,437.0,387.0,413.6666666666667,7
2025-08-01,P1037,Lip Balm,Beauty & Personal Care,467,1486988.75,46,424.0,417.0,437.0,426.0,8
2025-09-01,P1037,Lip Balm,Beauty & Personal Care,483,1522701.19,46,467.0,424.0,417.0,436.0,9
2024-01-01,P1038,Face Mask Pack,Beauty & Personal Care,82,329397.19,29,82.0,71.0,75.0,76.0,1
2024-02-01,P1038,Face Mask Pack,Beauty & Personal Care,60,235934.29,26,82.0,82.0,71.0,78.33333333333333,2
2024-03-01,P1038,Face Mask Pack,Beauty & Personal Care,71,280790.47,27,60.0,82.0,82.0,74.66666666666667,3
2024-04-01,P1038,Face Mask Pack,Beauty & Personal Care,61,239482.31,29,71.0,60.0,82.0,71.0,4
2024-05-01,P1038,Face Mask Pack,Beauty & Personal Care,90,356881.78,35,61.0,71.0,60.0,64.0,5
2024-06-01,P1038,Face Mask Pack,Beauty & Personal Care,81,316505.94,31,90.0,61.0,71.0,74.0,6
2024-07-01,P1038,Face Mask Pack,Beauty & Personal Care,63,246435.62,27,81.0,90.0,61.0,77.33333333333333,7
2024-08-01,P1038,Face Mask Pack,Beauty & Personal Care,80,312084.13,33,63.0,81.0,90.0,78.0,8
2024-09-01,P1038,Face Mask Pack,Beauty & Personal Care,51,200171.11,22,80.0,63.0,81.0,74.66666666666667,9
2024-10-01,P1038,Face Mask Pack,Beauty & Personal Care,84,336116.28,29,51.0,80.0,63.0,64.66666666666667,10
2024-11-01,P1038,Face Mask Pack,Beauty & Personal Care,78,312676.15,31,84.0,51.0,80.0,71.66666666666667,11
2024-12-01,P1038,Face Mask Pack,Beauty & Personal Care,79,313075.92,29,78.0,84.0,51.0,71.0,12
2025-01-01,P1038,Face Mask Pack,Beauty & Personal Care,76,297823.19,26,79.0,78.0,84.0,80.33333333333333,1
2025-02-01,P1038,Face Mask Pack,Beauty & Personal Care,69,271772.59,29,76.0,79.0,78.0,77.66666666666667,2
2025-03-01,P1038,Face Mask Pack,Beauty & Personal Care,87,341134.2,38,69.0,76.0,79.0,74.66666666666667,3
2025-04-01,P1038,Face Mask Pack,Beauty & Personal Care,62,241136.55,28,87.0,69.0,76.0,77.33333333333333,4
2025-05-01,P1038,Face Mask Pack,Beauty & Personal Care,94,368367.71,35,62.0,87.0,69.0,72.66666666666667,5
2025-06-01,P1038,Face Mask Pack,Beauty & Personal Care,64,249368.98,26,94.0,62.0,87.0,81.0,6
2025-07-01,P1038,Face Mask Pack,Beauty & Personal Care,76,299103.23,30,64.0,94.0,62.0,73.33333333333333,7
2025-08-01,P1038,Face Mask Pack,Beauty & Personal Care,95,373324.64,35,76.0,64.0,94.0,78.0,8
2025-09-01,P1038,Face Mask Pack,Beauty & Personal Care,65,255667.96,30,95.0,76.0,64.0,78.33333333333333,9
2024-01-01,P1039,Hair Oil,Beauty & Personal Care,261,655902.05,45,341.0,319.0,261.0,307.0,1
2024-02-01,P1039,Hair Oil,Beauty & Personal Care,225,564078.8,45,261.0,341.0,319.0,307.0,2
2024-03-01,P1039,Hair Oil,Beauty & Personal Care,308,780002.01,50,225.0,261.0,341.0,275.6666666666667,3
2024-04-01,P1039,Hair Oil,Beauty & Personal Care,269,671405.71,45,308.0,225.0,261.0,264.6666666666667,4
2024-05-01,P1039,Hair Oil,Beauty & Personal Care,307,779067.92,47,269.0,308.0,225.0,267.3333333333333,5
2024-06-01,P1039,Hair Oil,Beauty & Personal Care,338,853805.2,41,307.0,269.0,308.0,294.6666666666667,6
2024-07-01,P1039,Hair Oil,Beauty & Personal Care,300,761713.64,48,338.0,307.0,269.0,304.6666666666667,7
2024-08-01,P1039,Hair Oil,Beauty & Personal Care,310,778846.02,44,300.0,338.0,307.0,315.0,8
2024-09-01,P1039,Hair Oil,Beauty & Personal Care,256,646085.98,42,310.0,300.0,338.0,316.0,9
2024-10-01,P1039,Hair Oil,Beauty & Personal Care,310,774272.5800000001,42,256.0,310.0,300.0,288.6666666666667,10
2024-11-01,P1039,Hair Oil,Beauty & Personal Care,284,718184.21,41,310.0,256.0,310.0,292.0,11
2024-12-01,P1039,Hair Oil,Beauty & Personal Care,305,759634.56,42,284.0,310.0,256.0,283.3333333333333,12
2025-01-01,P1039,Hair Oil,Beauty & Personal Care,275,698944.25,40,305.0,284.0,310.0,299.6666666666667,1
2025-02-01,P1039,Hair Oil,Beauty & Personal Care,244,608364.45,37,275.0,305.0,284.0,288.0,2
2025-03-01,P1039,Hair Oil,Beauty & Personal Care,292,742508.02,46,244.0,275.0,305.0,274.6666666666667,3
2025-04-01,P1039,Hair Oil,Beauty & Personal Care,294,745991.0,46,292.0,244.0,275.0,270.3333333333333,4
2025-05-01,P1039,Hair Oil,Beauty & Personal Care,285,726670.42,46,294.0,292.0,244.0,276.6666666666667,5
2025-06-01,P1039,Hair Oil,Beauty & Personal Care,288,729719.1,42,285.0,294.0,292.0,290.3333333333333,6
2025-07-01,P1039,Hair Oil,Beauty & Personal Care,263,663589.59,48,288.0,285.0,294.0,289.0,7
2025-08-01,P1039,Hair Oil,Beauty & Personal Care,375,949448.48,41,263.0,288.0,285.0,278.6666666666667,8
2025-09-01,P1039,Hair Oil,Beauty & Personal Care,310,786217.98,42,375.0,263.0,288.0,308.6666666666667,9
2024-01-01,P1040,Basmati Rice 5kg,Grocery,305,876745.55,48,358.0,297.0,296.0,317.0,1
2024-02-01,P1040,Basmati Rice 5kg,Grocery,312,908545.44,45,305.0,358.0,297.0,320.0,2
2024-03-01,P1040,Basmati Rice 5kg,Grocery,315,906941.18,53,312.0,305.0,358.0,325.0,3
2024-04-01,P1040,Basmati Rice 5kg,Grocery,347,996484.42,42,315.0,312.0,305.0,310.6666666666667,4
2024-05-01,P1040,Basmati Rice 5kg,Grocery,355,1030919.16,46,347.0,315.0,312.0,324.6666666666667,5
2024-06-01,P1040,Basmati Rice 5kg,Grocery,378,1080636.66,47,355.0,347.0,315.0,339.0,6
2024-07-01,P1040,Basmati Rice 5kg,Grocery,391,1139958.91,46,378.0,355.0,347.0,360.0,7
2024-08-01,P1040,Basmati Rice 5kg,Grocery,439,1265543.04,46,391.0,378.0,355.0,374.6666666666667,8
2024-09-01,P1040,Basmati Rice 5kg,Grocery,357,1037341.82,46,439.0,391.0,378.0,402.6666666666667,9
2024-10-01,P1040,Basmati Rice 5kg,Grocery,392,1136027.76,44,357.0,439.0,391.0,395.6666666666667,10
2024-11-01,P1040,Basmati Rice 5kg,Grocery,332,966379.52,47,392.0,357.0,439.0,396.0,11
2024-12-01,P1040,Basmati Rice 5kg,Grocery,428,1242441.51,47,332.0,392.0,357.0,360.3333333333333,12
2025-01-01,P1040,Basmati Rice 5kg,Grocery,405,1169183.53,46,428.0,332.0,392.0,384.0,1
2025-02-01,P1040,Basmati Rice 5kg,Grocery,377,1107285.62,38,405.0,428.0,332.0,388.3333333333333,2
2025-03-01,P1040,Basmati Rice 5kg,Grocery,405,1169640.04,50,377.0,405.0,428.0,403.3333333333333,3
2025-04-01,P1040,Basmati Rice 5kg,Grocery,428,1232174.92,47,405.0,377.0,405.0,395.6666666666667,4
2025-05-01,P1040,Basmati Rice 5kg,Grocery,459,1325832.81,47,428.0,405.0,377.0,403.3333333333333,5
2025-06-01,P1040,Basmati Rice 5kg,Grocery,428,1234696.99,40,459.0,428.0,405.0,430.6666666666667,6
2025-07-01,P1040,Basmati Rice 5kg,Grocery,460,1340077.75,44,428.0,459.0,428.0,438.3333333333333,7
2025-08-01,P1040,Basmati Rice 5kg,Grocery,514,1494417.2,48,460.0,428.0,459.0,449.0,8
2025-09-01,P1040,Basmati Rice 5kg,Grocery,472,1367396.93,47,514.0,460.0,428.0,467.3333333333333,9
2024-01-01,P1041,Cooking Oil 1L,Grocery,1087,2701552.47,47,1191.0,1138.0,1112.0,1147.0,1
2024-02-01,P1041,Cooking Oil 1L,Grocery,953,2375667.93,46,1087.0,1191.0,1138.0,1138.6666666666667,2
2024-03-01,P1041,Cooking Oil 1L,Grocery,1060,2602663.63,46,953.0,1087.0,1191.0,1077.0,3
2024-04-01,P1041,Cooking Oil 1L,Grocery,1102,2765779.03,39,1060.0,953.0,1087.0,1033.3333333333333,4
2024-05-01,P1041,Cooking Oil 1L,Grocery,1149,2832337.3,47,1102.0,1060.0,953.0,1038.3333333333333,5
2024-06-01,P1041,Cooking Oil 1L,Grocery,1109,2755629.11,42,1149.0,1102.0,1060.0,1103.6666666666667,6
2024-07-01,P1041,Cooking Oil 1L,Grocery,1154,2873738.42,46,1109.0,1149.0,1102.0,1120.0,7
2024-08-01,P1041,Cooking Oil 1L,Grocery,1293,3237487.6,49,1154.0,1109.0,1149.0,1137.3333333333333,8
2024-09-01,P1041,Cooking Oil 1L,Grocery,907,2233316.64,47,1293.0,1154.0,1109.0,1185.3333333333333,9
2024-10-01,P1041,Cooking Oil 1L,Grocery,1073,2655657.33,48,907.0,1293.0,1154.0,1118.0,10
2024-11-01,P1041,Cooking Oil 1L,Grocery,902,2256998.5,49,1073.0,907.0,1293.0,1091.0,11
2024-12-01,P1041,Cooking Oil 1L,Grocery,1074,2687484.07,49,902.0,1073.0,907.0,960.6666666666666,12
2025-01-01,P1041,Cooking Oil 1L,Grocery,1027,2561624.35,47,1074.0,902.0,1073.0,1016.3333333333334,1
2025-02-01,P1041,Cooking Oil 1L,Grocery,905,2255985.26,44,1027.0,1074.0,902.0,1001.0,2
2025-03-01,P1041,Cooking Oil 1L,Grocery,1055,2619472.56,48,905.0,1027.0,1074.0,1002.0,3
2025-04-01,P1041,Cooking Oil 1L,Grocery,1078,2691636.38,47,1055.0,905.0,1027.0,995.6666666666666,4
2025-05-01,P1041,Cooking Oil 1L,Grocery,1135,2835062.58,48,1078.0,1055.0,905.0,1012.6666666666666,5
2025-06-01,P1041,Cooking Oil 1L,Grocery,1224,3015726.54,45,1135.0,1078.0,1055.0,1089.3333333333333,6
2025-07-01,P1041,Cooking Oil 1L,Grocery,1104,2737244.02,48,1224.0,1135.0,1078.0,1145.6666666666667,7
2025-08-01,P1041,Cooking Oil 1L,Grocery,1253,3103639.62,51,1104.0,1224.0,1135.0,1154.3333333333333,8
2025-09-01,P1041,Cooking Oil 1L,Grocery,1189,2956499.4,47,1253.0,1104.0,1224.0,1193.6666666666667,9
2024-01-01,P1042,Green Tea Box,Grocery,311,326331.51,44,306.0,272.0,240.0,272.6666666666667,1
2024-02-01,P1042,Green Tea Box,Grocery,243,254737.47,43,311.0,306.0,272.0,296.3333333333333,2
2024-03-01,P1042,Green Tea Box,Grocery,269,282075.0,41,243.0,311.0,306.0,286.6666666666667,3
2024-04-01,P1042,Green Tea Box,Grocery,266,280400.63,43,269.0,243.0,311.0,274.3333333333333,4
2024-05-01,P1042,Green Tea Box,Grocery,304,320128.08,52,266.0,269.0,243.0,259.3333333333333,5
2024-06-01,P1042,Green Tea Box,Grocery,280,295181.04,44,304.0,266.0,269.0,279.6666666666667,6
2024-07-01,P1042,Green Tea Box,Grocery,313,327940.45,43,280.0,304.0,266.0,283.3333333333333,7
2024-08-01,P1042,Green Tea Box,Grocery,365,382431.72,44,313.0,280.0,304.0,299.0,8
2024-09-01,P1042,Green Tea Box,Grocery,290,305997.64,46,365.0,313.0,280.0,319.3333333333333,9
2024-10-01,P1042,Green Tea Box,Grocery,383,405887.88,40,290.0,365.0,313.0,322.6666666666667,10
2024-11-01,P1042,Green Tea Box,Grocery,369,389501.6,44,383.0,290.0,365.0,346.0,11
2024-12-01,P1042,Green Tea Box,Grocery,347,363160.46,48,369.0,383.0,290.0,347.3333333333333,12
2025-01-01,P1042,Green Tea Box,Grocery,371,389596.07,50,347.0,369.0,383.0,366.3333333333333,1
2025-02-01,P1042,Green Tea Box,Grocery,299,317749.49,39,371.0,347.0,369.0,362.3333333333333,2
2025-03-01,P1042,Green Tea Box,Grocery,370,387898.56,46,299.0,371.0,347.0,339.0,3
2025-04-01,P1042,Green Tea Box,Grocery,366,383064.07,45,370.0,299.0,371.0,346.6666666666667,4
2025-05-01,P1042,Green Tea Box,Grocery,359,377212.01,44,366.0,370.0,299.0,345.0,5
2025-06-01,P1042,Green Tea Box,Grocery,392,409424.16,48,359.0,366.0,370.0,365.0,6
2025-07-01,P1042,Green Tea Box,Grocery,384,407308.03,46,392.0,359.0,366.0,372.3333333333333,7
2025-08-01,P1042,Green Tea Box,Grocery,446,468401.32,45,384.0,392.0,359.0,378.3333333333333,8
2025-09-01,P1042,Green Tea Box,Grocery,411,432414.41,44,446.0,384.0,392.0,407.3333333333333,9
2024-01-01,P1043,Almonds 500g,Grocery,447,1616922.68,43,367.0,365.0,367.0,366.3333333333333,1
2024-02-01,P1043,Almonds 500g,Grocery,277,994306.73,40,447.0,367.0,365.0,393.0,2
2024-03-01,P1043,Almonds 500g,Grocery,299,1070954.16,41,277.0,447.0,367.0,363.6666666666667,3
2024-04-01,P1043,Almonds 500g,Grocery,318,1143901.78,36,299.0,277.0,447.0,341.0,4
2024-05-01,P1043,Almonds 500g,Grocery,389,1400285.98,50,318.0,299.0,277.0,298.0,5
2024-06-01,P1043,Almonds 500g,Grocery,373,1342384.39,33,389.0,318.0,299.0,335.3333333333333,6
2024-07-01,P1043,Almonds 500g,Grocery,373,1333275.76,44,373.0,389.0,318.0,360.0,7
2024-08-01,P1043,Almonds 500g,Grocery,358,1297323.45,44,373.0,373.0,389.0,378.3333333333333,8
2024-09-01,P1043,Almonds 500g,Grocery,393,1423104.8,45,358.0,373.0,373.0,368.0,9
2024-10-01,P1043,Almonds 500g,Grocery,385,1387809.29,41,393.0,358.0,373.0,374.6666666666667,10
2024-11-01,P1043,Almonds 500g,Grocery,408,1450424.07,46,385.0,393.0,358.0,378.6666666666667,11
2024-12-01,P1043,Almonds 500g,Grocery,398,1408502.73,48,408.0,385.0,393.0,395.3333333333333,12
2025-01-01,P1043,Almonds 500g,Grocery,308,1125119.94,46,398.0,408.0,385.0,397.0,1
2025-02-01,P1043,Almonds 500g,Grocery,321,1149143.48,39,308.0,398.0,408.0,371.3333333333333,2
2025-03-01,P1043,Almonds 500g,Grocery,337,1202238.89,44,321.0,308.0,398.0,342.3333333333333,3
2025-04-01,P1043,Almonds 500g,Grocery,352,1259433.03,39,337.0,321.0,308.0,322.0,4
2025-05-01,P1043,Almonds 500g,Grocery,384,1387236.98,44,352.0,337.0,321.0,336.6666666666667,5
2025-06-01,P1043,Almonds 500g,Grocery,339,1226774.62,41,384.0,352.0,337.0,357.6666666666667,6
2025-07-01,P1043,Almonds 500g,Grocery,324,1171713.66,45,339.0,384.0,352.0,358.3333333333333,7
2025-08-01,P1043,Almonds 500g,Grocery,345,1227937.24,44,324.0,339.0,384.0,349.0,8
2025-09-01,P1043,Almonds 500g,Grocery,333,1197415.36,35,345.0,324.0,339.0,336.0,9
2024-01-01,P1044,Instant Noodles Pack,Grocery,566,824593.48,48,669.0,533.0,624.0,608.6666666666666,1
2024-02-01,P1044,Instant Noodles Pack,Grocery,392,575332.04,42,566.0,669.0,533.0,589.3333333333334,2
2024-03-01,P1044,Instant Noodles Pack,Grocery,490,710729.32,52,392.0,566.0,669.0,542.3333333333334,3
2024-04-01,P1044,Instant Noodles Pack,Grocery,523,750497.14,45,490.0,392.0,566.0,482.6666666666667,4
2024-05-01,P1044,Instant Noodles Pack,Grocery,502,718648.39,44,523.0,490.0,392.0,468.3333333333333,5
2024-06-01,P1044,Instant Noodles Pack,Grocery,484,707682.86,42,502.0,523.0,490.0,505.0,6
2024-07-01,P1044,Instant Noodles Pack,Grocery,465,680056.21,46,484.0,502.0,523.0,503.0,7
2024-08-01,P1044,Instant Noodles Pack,Grocery,511,752400.76,43,465.0,484.0,502.0,483.6666666666667,8
2024-09-01,P1044,Instant Noodles Pack,Grocery,453,657894.53,45,511.0,465.0,484.0,486.6666666666667,9
2024-10-01,P1044,Instant Noodles Pack,Grocery,471,678079.1,51,453.0,511.0,465.0,476.3333333333333,10
2024-11-01,P1044,Instant Noodles Pack,Grocery,355,511647.01,43,471.0,453.0,511.0,478.3333333333333,11
2024-12-01,P1044,Instant Noodles Pack,Grocery,533,761491.0,46,355.0,471.0,453.0,426.3333333333333,12
2025-01-01,P1044,Instant Noodles Pack,Grocery,392,569025.73,44,533.0,355.0,471.0,453.0,1
2025-02-01,P1044,Instant Noodles Pack,Grocery,327,474763.62,44,392.0,533.0,355.0,426.6666666666667,2
2025-03-01,P1044,Instant Noodles Pack,Grocery,435,637838.28,50,327.0,392.0,533.0,417.3333333333333,3
2025-04-01,P1044,Instant Noodles Pack,Grocery,407,589603.29,51,435.0,327.0,392.0,384.6666666666667,4
2025-05-01,P1044,Instant Noodles Pack,Grocery,444,644971.65,44,407.0,435.0,327.0,389.6666666666667,5
2025-06-01,P1044,Instant Noodles Pack,Grocery,381,554328.37,41,444.0,407.0,435.0,428.6666666666667,6
2025-07-01,P1044,Instant Noodles Pack,Grocery,337,495873.08,46,381.0,444.0,407.0,410.6666666666667,7
2025-08-01,P1044,Instant Noodles Pack,Grocery,378,548386.18,44,337.0,381.0,444.0,387.3333333333333,8
2025-09-01,P1044,Instant Noodles Pack,Grocery,367,537377.37,45,378.0,337.0,381.0,365.3333333333333,9
2024-01-01,P1045,Coffee Powder,Grocery,447,100664.81,46,414.0,437.0,476.0,442.3333333333333,1
2024-02-01,P1045,Coffee Powder,Grocery,417,94555.54,43,447.0,414.0,437.0,432.6666666666667,2
2024-03-01,P1045,Coffee Powder,Grocery,440,99162.25,48,417.0,447.0,414.0,426.0,3
2024-04-01,P1045,Coffee Powder,Grocery,444,98733.24,40,440.0,417.0,447.0,434.6666666666667,4
2024-05-01,P1045,Coffee Powder,Grocery,390,87153.58,50,444.0,440.0,417.0,433.6666666666667,5
2024-06-01,P1045,Coffee Powder,Grocery,481,108885.69,46,390.0,444.0,440.0,424.6666666666667,6
2024-07-01,P1045,Coffee Powder,Grocery,478,108800.0,43,481.0,390.0,444.0,438.3333333333333,7
2024-08-01,P1045,Coffee Powder,Grocery,480,107724.75,47,478.0,481.0,390.0,449.6666666666667,8
2024-09-01,P1045,Coffee Powder,Grocery,391,86698.01,42,480.0,478.0,481.0,479.6666666666667,9
2024-10-01,P1045,Coffee Powder,Grocery,544,123260.08,49,391.0,480.0,478.0,449.6666666666667,10
2024-11-01,P1045,Coffee Powder,Grocery,432,96818.41,44,544.0,391.0,480.0,471.6666666666667,11
2024-12-01,P1045,Coffee Powder,Grocery,470,107154.45,47,432.0,544.0,391.0,455.6666666666667,12
2025-01-01,P1045,Coffee Powder,Grocery,504,114115.85,45,470.0,432.0,544.0,482.0,1
2025-02-01,P1045,Coffee Powder,Grocery,400,90407.79,37,504.0,470.0,432.0,468.6666666666667,2
2025-03-01,P1045,Coffee Powder,Grocery,475,106525.91,46,400.0,504.0,470.0,458.0,3
2025-04-01,P1045,Coffee Powder,Grocery,428,96594.63,44,475.0,400.0,504.0,459.6666666666667,4
2025-05-01,P1045,Coffee Powder,Grocery,467,106095.14,43,428.0,475.0,400.0,434.3333333333333,5
2025-06-01,P1045,Coffee Powder,Grocery,414,94296.6,42,467.0,428.0,475.0,456.6666666666667,6
2025-07-01,P1045,Coffee Powder,Grocery,484,110050.11,43,414.0,467.0,428.0,436.3333333333333,7
2025-08-01,P1045,Coffee Powder,Grocery,513,116560.46,49,484.0,414.0,467.0,455.0,8
2025-09-01,P1045,Coffee Powder,Grocery,506,113933.22,48,513.0,484.0,414.0,470.3333333333333,9
2024-01-01,P1046,Honey Jar,Grocery,615,1970016.98,46,636.0,645.0,700.0,660.3333333333334,1
2024-02-01,P1046,Honey Jar,Grocery,554,1781852.72,47,615.0,636.0,645.0,632.0,2
2024-03-01,P1046,Honey Jar,Grocery,593,1905317.03,50,554.0,615.0,636.0,601.6666666666666,3
2024-04-01,P1046,Honey Jar,Grocery,647,2076304.3,46,593.0,554.0,615.0,587.3333333333334,4
2024-05-01,P1046,Honey Jar,Grocery,625,1995626.41,49,647.0,593.0,554.0,598.0,5
2024-06-01,P1046,Honey Jar,Grocery,544,1765727.21,47,625.0,647.0,593.0,621.6666666666666,6
2024-07-01,P1046,Honey Jar,Grocery,567,1822785.36,47,544.0,625.0,647.0,605.3333333333334,7
2024-08-01,P1046,Honey Jar,Grocery,543,1743499.15,45,567.0,544.0,625.0,578.6666666666666,8
2024-09-01,P1046,Honey Jar,Grocery,474,1523853.59,46,543.0,567.0,544.0,551.3333333333334,9
2024-10-01,P1046,Honey Jar,Grocery,581,1884018.31,42,474.0,543.0,567.0,528.0,10
2024-11-01,P1046,Honey Jar,Grocery,455,1475449.84,45,581.0,474.0,543.0,532.6666666666666,11
2024-12-01,P1046,Honey Jar,Grocery,488,1582891.83,50,455.0,581.0,474.0,503.3333333333333,12
2025-01-01,P1046,Honey Jar,Grocery,457,1468660.62,46,488.0,455.0,581.0,508.0,1
2025-02-01,P1046,Honey Jar,Grocery,391,1256158.73,46,457.0,488.0,455.0,466.6666666666667,2
2025-03-01,P1046,Honey Jar,Grocery,457,1468238.75,49,391.0,457.0,488.0,445.3333333333333,3
2025-04-01,P1046,Honey Jar,Grocery,387,1245966.56,45,457.0,391.0,457.0,435.0,4
2025-05-01,P1046,Honey Jar,Grocery,467,1489070.93,41,387.0,457.0,391.0,411.6666666666667,5
2025-06-01,P1046,Honey Jar,Grocery,439,1403666.04,44,467.0,387.0,457.0,437.0,6
2025-07-01,P1046,Honey Jar,Grocery,463,1496959.62,48,439.0,467.0,387.0,431.0,7
2025-08-01,P1046,Honey Jar,Grocery,486,1552178.77,42,463.0,439.0,467.0,456.3333333333333,8
2025-09-01,P1046,Honey Jar,Grocery,384,1213991.33,41,486.0,463.0,439.0,462.6666666666667,9
2024-01-01,P1047,Protein Bar Pack,Grocery,105,102017.85,38,126.0,86.0,117.0,109.66666666666667,1
2024-02-01,P1047,Protein Bar Pack,Grocery,99,96592.73,33,105.0,126.0,86.0,105.66666666666667,2
2024-03-01,P1047,Protein Bar Pack,Grocery,89,85778.87,30,99.0,105.0,126.0,110.0,3
2024-04-01,P1047,Protein Bar Pack,Grocery,84,80921.9,31,89.0,99.0,105.0,97.66666666666667,4
2024-05-01,P1047,Protein Bar Pack,Grocery,117,112741.96,38,84.0,89.0,99.0,90.66666666666667,5
2024-06-01,P1047,Protein Bar Pack,Grocery,130,124683.2,36,117.0,84.0,89.0,96.66666666666667,6
2024-07-01,P1047,Protein Bar Pack,Grocery,94,91289.72,34,130.0,117.0,84.0,110.33333333333333,7
2024-08-01,P1047,Protein Bar Pack,Grocery,139,136092.75,37,94.0,130.0,117.0,113.66666666666667,8
2024-09-01,P1047,Protein Bar Pack,Grocery,86,83064.81,34,139.0,94.0,130.0,121.0,9
2024-10-01,P1047,Protein Bar Pack,Grocery,114,110413.46,37,86.0,139.0,94.0,106.33333333333333,10
2024-11-01,P1047,Protein Bar Pack,Grocery,108,103636.56,37,114.0,86.0,139.0,113.0,11
2024-12-01,P1047,Protein Bar Pack,Grocery,123,118027.59,38,108.0,114.0,86.0,102.66666666666667,12
2025-01-01,P1047,Protein Bar Pack,Grocery,107,103386.32,40,123.0,108.0,114.0,115.0,1
2025-02-01,P1047,Protein Bar Pack,Grocery,95,91028.97,32,107.0,123.0,108.0,112.66666666666667,2
2025-03-01,P1047,Protein Bar Pack,Grocery,92,90151.35,36,95.0,107.0,123.0,108.33333333333333,3
2025-04-01,P1047,Protein Bar Pack,Grocery,82,79155.86,32,92.0,95.0,107.0,98.0,4
2025-05-01,P1047,Protein Bar Pack,Grocery,98,94451.81,36,82.0,92.0,95.0,89.66666666666667,5
2025-06-01,P1047,Protein Bar Pack,Grocery,116,111986.24,38,98.0,82.0,92.0,90.66666666666667,6
2025-07-01,P1047,Protein Bar Pack,Grocery,117,113401.07,37,116.0,98.0,82.0,98.66666666666667,7
2025-08-01,P1047,Protein Bar Pack,Grocery,92,89508.88,33,117.0,116.0,98.0,110.33333333333333,8
2025-09-01,P1047,Protein Bar Pack,Grocery,97,93242.58,35,92.0,117.0,116.0,108.33333333333333,9
2024-01-01,P1048,Peanut Butter,Grocery,135,622601.03,35,123.0,141.0,149.0,137.66666666666666,1
2024-02-01,P1048,Peanut Butter,Grocery,130,600287.99,37,135.0,123.0,141.0,133.0,2
2024-03-01,P1048,Peanut Butter,Grocery,150,706594.49,42,130.0,135.0,123.0,129.33333333333334,3
2024-04-01,P1048,Peanut Butter,Grocery,150,695184.53,40,150.0,130.0,135.0,138.33333333333334,4
2024-05-01,P1048,Peanut Butter,Grocery,132,609149.19,37,150.0,150.0,130.0,143.33333333333334,5
2024-06-01,P1048,Peanut Butter,Grocery,141,647247.85,43,132.0,150.0,150.0,144.0,6
2024-07-01,P1048,Peanut Butter,Grocery,132,613138.84,40,141.0,132.0,150.0,141.0,7
2024-08-01,P1048,Peanut Butter,Grocery,174,806573.53,38,132.0,141.0,132.0,135.0,8
2024-09-01,P1048,Peanut Butter,Grocery,150,702860.24,38,174.0,132.0,141.0,149.0,9
2024-10-01,P1048,Peanut Butter,Grocery,157,725777.63,42,150.0,174.0,132.0,152.0,10
2024-11-01,P1048,Peanut Butter,Grocery,137,635829.46,36,157.0,150.0,174.0,160.33333333333334,11
2024-12-01,P1048,Peanut Butter,Grocery,152,710214.98,40,137.0,157.0,150.0,148.0,12
2025-01-01,P1048,Peanut Butter,Grocery,141,659628.73,40,152.0,137.0,157.0,148.66666666666666,1
2025-02-01,P1048,Peanut Butter,Grocery,147,690708.57,40,141.0,152.0,137.0,143.33333333333334,2
2025-03-01,P1048,Peanut Butter,Grocery,140,656102.35,45,147.0,141.0,152.0,146.66666666666666,3
2025-04-01,P1048,Peanut Butter,Grocery,131,608697.3,35,140.0,147.0,141.0,142.66666666666666,4
2025-05-01,P1048,Peanut Butter,Grocery,122,570655.1,37,131.0,140.0,147.0,139.33333333333334,5
2025-06-01,P1048,Peanut Butter,Grocery,147,685136.37,38,122.0,131.0,140.0,131.0,6
2025-07-01,P1048,Peanut Butter,Grocery,148,690088.96,44,147.0,122.0,131.0,133.33333333333334,7
2025-08-01,P1048,Peanut Butter,Grocery,189,877649.12,46,148.0,147.0,122.0,139.0,8
2025-09-01,P1048,Peanut Butter,Grocery,168,781659.29,40,189.0,148.0,147.0,161.33333333333334,9
2024-01-01,P1049,Oats Pack,Grocery,235,1105781.7,40,228.0,209.0,230.0,222.33333333333334,1
2024-02-01,P1049,Oats Pack,Grocery,218,1022628.13,44,235.0,228.0,209.0,224.0,2
2024-03-01,P1049,Oats Pack,Grocery,223,1040818.68,48,218.0,235.0,228.0,227.0,3
2024-04-01,P1049,Oats Pack,Grocery,212,1007468.33,40,223.0,218.0,235.0,225.33333333333334,4
2024-05-01,P1049,Oats Pack,Grocery,248,1158650.88,45,212.0,223.0,218.0,217.66666666666666,5
2024-06-01,P1049,Oats Pack,Grocery,224,1054033.23,49,248.0,212.0,223.0,227.66666666666666,6
2024-07-01,P1049,Oats Pack,Grocery,257,1200967.61,46,224.0,248.0,212.0,228.0,7
2024-08-01,P1049,Oats Pack,Grocery,284,1342609.48,48,257.0,224.0,248.0,243.0,8
2024-09-01,P1049,Oats Pack,Grocery,224,1054869.74,43,284.0,257.0,224.0,255.0,9
2024-10-01,P1049,Oats Pack,Grocery,259,1222037.14,39,224.0,284.0,257.0,255.0,10
2024-11-01,P1049,Oats Pack,Grocery,272,1289485.71,48,259.0,224.0,284.0,255.66666666666666,11
2024-12-01,P1049,Oats Pack,Grocery,281,1316558.25,44,272.0,259.0,224.0,251.66666666666666,12
2025-01-01,P1049,Oats Pack,Grocery,293,1369535.86,54,281.0,272.0,259.0,270.6666666666667,1
2025-02-01,P1049,Oats Pack,Grocery,220,1037181.59,38,293.0,281.0,272.0,282.0,2
2025-03-01,P1049,Oats Pack,Grocery,276,1292122.76,44,220.0,293.0,281.0,264.6666666666667,3
2025-04-01,P1049,Oats Pack,Grocery,266,1249631.46,43,276.0,220.0,293.0,263.0,4
2025-05-01,P1049,Oats Pack,Grocery,257,1212335.27,47,266.0,276.0,220.0,254.0,5
2025-06-01,P1049,Oats Pack,Grocery,319,1506385.91,45,257.0,266.0,276.0,266.3333333333333,6
2025-07-01,P1049,Oats Pack,Grocery,320,1500973.71,51,319.0,257.0,266.0,280.6666666666667,7
2025-08-01,P1049,Oats Pack,Grocery,324,1533018.71,48,320.0,319.0,257.0,298.6666666666667,8
2025-09-01,P1049,Oats Pack,Grocery,370,1738214.74,44,324.0,320.0,319.0,321.0,9
2024-01-01,P1050,Yoga Mat,Sports & Fitness,85,381228.09,33,100.0,110.0,98.0,102.66666666666667,1
2024-02-01,P1050,Yoga Mat,Sports & Fitness,58,264893.11,26,85.0,100.0,110.0,98.33333333333333,2
2024-03-01,P1050,Yoga Mat,Sports & Fitness,82,370129.85,35,58.0,85.0,100.0,81.0,3
2024-04-01,P1050,Yoga Mat,Sports & Fitness,91,409033.18,30,82.0,58.0,85.0,75.0,4
2024-05-01,P1050,Yoga Mat,Sports & Fitness,105,470177.06,31,91.0,82.0,58.0,77.0,5
2024-06-01,P1050,Yoga Mat,Sports & Fitness,111,504622.77,32,105.0,91.0,82.0,92.66666666666667,6
2024-07-01,P1050,Yoga Mat,Sports & Fitness,97,433775.76,30,111.0,105.0,91.0,102.33333333333333,7
2024-08-01,P1050,Yoga Mat,Sports & Fitness,90,403446.07,32,97.0,111.0,105.0,104.33333333333333,8
2024-09-01,P1050,Yoga Mat,Sports & Fitness,79,357830.66000000003,29,90.0,97.0,111.0,99.33333333333333,9
2024-10-01,P1050,Yoga Mat,Sports & Fitness,85,381471.34,30,79.0,90.0,97.0,88.66666666666667,10
2024-11-01,P1050,Yoga Mat,Sports & Fitness,88,396505.36,31,85.0,79.0,90.0,84.66666666666667,11
2024-12-01,P1050,Yoga Mat,Sports & Fitness,99,450016.06,30,88.0,85.0,79.0,84.0,12
2025-01-01,P1050,Yoga Mat,Sports & Fitness,106,475614.12,32,99.0,88.0,85.0,90.66666666666667,1
2025-02-01,P1050,Yoga Mat,Sports & Fitness,106,476295.43,36,106.0,99.0,88.0,97.66666666666667,2
2025-03-01,P1050,Yoga Mat,Sports & Fitness,84,381226.67,31,106.0,106.0,99.0,103.66666666666667,3
2025-04-01,P1050,Yoga Mat,Sports & Fitness,79,355504.93,29,84.0,106.0,106.0,98.66666666666667,4
2025-05-01,P1050,Yoga Mat,Sports & Fitness,110,497715.97,33,79.0,84.0,106.0,89.66666666666667,5
2025-06-01,P1050,Yoga Mat,Sports & Fitness,95,430392.56,31,110.0,79.0,84.0,91.0,6
2025-07-01,P1050,Yoga Mat,Sports & Fitness,79,355040.04,30,95.0,110.0,79.0,94.66666666666667,7
2025-08-01,P1050,Yoga Mat,Sports & Fitness,108,483425.67,34,79.0,95.0,110.0,94.66666666666667,8
2025-09-01,P1050,Yoga Mat,Sports & Fitness,107,483908.47,37,108.0,79.0,95.0,94.0,9
2024-01-01,P1051,Dumbbell Set,Sports & Fitness,265,502106.69,45,219.0,233.0,300.0,250.66666666666666,1
2024-02-01,P1051,Dumbbell Set,Sports & Fitness,241,455911.83,42,265.0,219.0,233.0,239.0,2
2024-03-01,P1051,Dumbbell Set,Sports & Fitness,350,656997.49,48,241.0,265.0,219.0,241.66666666666666,3
2024-04-01,P1051,Dumbbell Set,Sports & Fitness,371,700848.51,44,350.0,241.0,265.0,285.3333333333333,4
2024-05-01,P1051,Dumbbell Set,Sports & Fitness,336,631042.87,44,371.0,350.0,241.0,320.6666666666667,5
2024-06-01,P1051,Dumbbell Set,Sports & Fitness,354,665811.25,42,336.0,371.0,350.0,352.3333333333333,6
2024-07-01,P1051,Dumbbell Set,Sports & Fitness,387,722703.3,48,354.0,336.0,371.0,353.6666666666667,7
2024-08-01,P1051,Dumbbell Set,Sports & Fitness,371,692710.94,48,387.0,354.0,336.0,359.0,8
2024-09-01,P1051,Dumbbell Set,Sports & Fitness,245,463311.23,48,371.0,387.0,354.0,370.6666666666667,9
2024-10-01,P1051,Dumbbell Set,Sports & Fitness,273,518533.13,44,245.0,371.0,387.0,334.3333333333333,10
2024-11-01,P1051,Dumbbell Set,Sports & Fitness,194,364584.5,36,273.0,245.0,371.0,296.3333333333333,11
2024-12-01,P1051,Dumbbell Set,Sports & Fitness,261,487772.98,42,194.0,273.0,245.0,237.33333333333334,12
2025-01-01,P1051,Dumbbell Set,Sports & Fitness,261,488555.72,44,261.0,194.0,273.0,242.66666666666666,1
2025-02-01,P1051,Dumbbell Set,Sports & Fitness,220,419165.48,42,261.0,261.0,194.0,238.66666666666666,2
2025-03-01,P1051,Dumbbell Set,Sports & Fitness,320,604109.5,46,220.0,261.0,261.0,247.33333333333334,3
2025-04-01,P1051,Dumbbell Set,Sports & Fitness,364,685884.95,45,320.0,220.0,261.0,267.0,4
2025-05-01,P1051,Dumbbell Set,Sports & Fitness,388,731994.35,50,364.0,320.0,220.0,301.3333333333333,5
2025-06-01,P1051,Dumbbell Set,Sports & Fitness,350,661385.87,53,388.0,364.0,320.0,357.3333333333333,6
2025-07-01,P1051,Dumbbell Set,Sports & Fitness,337,639704.46,47,350.0,388.0,364.0,367.3333333333333,7
2025-08-01,P1051,Dumbbell Set,Sports & Fitness,394,744514.17,44,337.0,350.0,388.0,358.3333333333333,8
2025-09-01,P1051,Dumbbell Set,Sports & Fitness,308,586775.11,40,394.0,337.0,350.0,360.3333333333333,9
2024-01-01,P1052,Resistance Bands,Sports & Fitness,161,28240.27,37,170.0,168.0,179.0,172.33333333333334,1
2024-02-01,P1052,Resistance Bands,Sports & Fitness,139,24483.48,39,161.0,170.0,168.0,166.33333333333334,2
2024-03-01,P1052,Resistance Bands,Sports & Fitness,156,27140.61,39,139.0,161.0,170.0,156.66666666666666,3
2024-04-01,P1052,Resistance Bands,Sports & Fitness,116,20482.75,36,156.0,139.0,161.0,152.0,4
2024-05-01,P1052,Resistance Bands,Sports & Fitness,129,22789.86,36,116.0,156.0,139.0,137.0,5
2024-06-01,P1052,Resistance Bands,Sports & Fitness,157,27765.75,40,129.0,116.0,156.0,133.66666666666666,6
2024-07-01,P1052,Resistance Bands,Sports & Fitness,156,27349.89,44,157.0,129.0,116.0,134.0,7
2024-08-01,P1052,Resistance Bands,Sports & Fitness,199,34916.64,38,156.0,157.0,129.0,147.33333333333334,8
2024-09-01,P1052,Resistance Bands,Sports & Fitness,108,18917.98,36,199.0,156.0,157.0,170.66666666666666,9
2024-10-01,P1052,Resistance Bands,Sports & Fitness,196,34431.88,39,108.0,199.0,156.0,154.33333333333334,10
2024-11-01,P1052,Resistance Bands,Sports & Fitness,106,18584.22,31,196.0,108.0,199.0,167.66666666666666,11
2024-12-01,P1052,Resistance Bands,Sports & Fitness,147,25945.83,39,106.0,196.0,108.0,136.66666666666666,12
2025-01-01,P1052,Resistance Bands,Sports & Fitness,163,28953.94,40,147.0,106.0,196.0,149.66666666666666,1
2025-02-01,P1052,Resistance Bands,Sports & Fitness,137,23730.05,36,163.0,147.0,106.0,138.66666666666666,2
2025-03-01,P1052,Resistance Bands,Sports & Fitness,180,31986.52,41,137.0,163.0,147.0,149.0,3
2025-04-01,P1052,Resistance Bands,Sports & Fitness,154,26919.34,36,180.0,137.0,163.0,160.0,4
2025-05-01,P1052,Resistance Bands,Sports & Fitness,151,26515.31,36,154.0,180.0,137.0,157.0,5
2025-06-01,P1052,Resistance Bands,Sports & Fitness,124,21962.57,37,151.0,154.0,180.0,161.66666666666666,6
2025-07-01,P1052,Resistance Bands,Sports & Fitness,162,28507.34,40,124.0,151.0,154.0,143.0,7
2025-08-01,P1052,Resistance Bands,Sports & Fitness,164,29244.49,38,162.0,124.0,151.0,145.66666666666666,8
2025-09-01,P1052,Resistance Bands,Sports & Fitness,128,22436.58,32,164.0,162.0,124.0,150.0,9
2024-01-01,P1053,Skipping Rope,Sports & Fitness,564,2582792.44,47,684.0,509.0,588.0,593.6666666666666,1
2024-02-01,P1053,Skipping Rope,Sports & Fitness,540,2489441.49,43,564.0,684.0,509.0,585.6666666666666,2
2024-03-01,P1053,Skipping Rope,Sports & Fitness,728,3316286.96,43,540.0,564.0,684.0,596.0,3
2024-04-01,P1053,Skipping Rope,Sports & Fitness,855,3926517.08,50,728.0,540.0,564.0,610.6666666666666,4
2024-05-01,P1053,Skipping Rope,Sports & Fitness,871,3980204.04,48,855.0,728.0,540.0,707.6666666666666,5
2024-06-01,P1053,Skipping Rope,Sports & Fitness,827,3795476.2,44,871.0,855.0,728.0,818.0,6
2024-07-01,P1053,Skipping Rope,Sports & Fitness,841,3833660.0,45,827.0,871.0,855.0,851.0,7
2024-08-01,P1053,Skipping Rope,Sports & Fitness,808,3677263.75,43,841.0,827.0,871.0,846.3333333333334,8
2024-09-01,P1053,Skipping Rope,Sports & Fitness,536,2439638.75,48,808.0,841.0,827.0,825.3333333333334,9
2024-10-01,P1053,Skipping Rope,Sports & Fitness,609,2798189.92,45,536.0,808.0,841.0,728.3333333333334,10
2024-11-01,P1053,Skipping Rope,Sports & Fitness,504,2316651.2,45,609.0,536.0,808.0,651.0,11
2024-12-01,P1053,Skipping Rope,Sports & Fitness,531,2430961.59,46,504.0,609.0,536.0,549.6666666666666,12
2025-01-01,P1053,Skipping Rope,Sports & Fitness,559,2541789.88,44,531.0,504.0,609.0,548.0,1
2025-02-01,P1053,Skipping Rope,Sports & Fitness,519,2389179.12,38,559.0,531.0,504.0,531.3333333333334,2
2025-03-01,P1053,Skipping Rope,Sports & Fitness,711,3238420.72,48,519.0,559.0,531.0,536.3333333333334,3
2025-04-01,P1053,Skipping Rope,Sports & Fitness,745,3435261.83,45,711.0,519.0,559.0,596.3333333333334,4
2025-05-01,P1053,Skipping Rope,Sports & Fitness,882,4039450.11,47,745.0,711.0,519.0,658.3333333333334,5
2025-06-01,P1053,Skipping Rope,Sports & Fitness,940,4339362.1,47,882.0,745.0,711.0,779.3333333333334,6
2025-07-01,P1053,Skipping Rope,Sports & Fitness,839,3789999.61,44,940.0,882.0,745.0,855.6666666666666,7
2025-08-01,P1053,Skipping Rope,Sports & Fitness,942,4350477.21,52,839.0,940.0,882.0,887.0,8
2025-09-01,P1053,Skipping Rope,Sports & Fitness,753,3446896.55,45,942.0,839.0,940.0,907.0,9
2024-01-01,P1054,Cricket Bat,Sports & Fitness,157,340555.43,40,182.0,154.0,163.0,166.33333333333334,1
2024-02-01,P1054,Cricket Bat,Sports & Fitness,149,321970.67,35,157.0,182.0,154.0,164.33333333333334,2
2024-03-01,P1054,Cricket Bat,Sports & Fitness,188,409378.37,45,149.0,157.0,182.0,162.66666666666666,3
2024-04-01,P1054,Cricket Bat,Sports & Fitness,157,337853.42,41,188.0,149.0,157.0,164.66666666666666,4
2024-05-01,P1054,Cricket Bat,Sports & Fitness,174,376955.33,47,157.0,188.0,149.0,164.66666666666666,5
2024-06-01,P1054,Cricket Bat,Sports & Fitness,185,403298.05,42,174.0,157.0,188.0,173.0,6
2024-07-01,P1054,Cricket Bat,Sports & Fitness,162,354472.67,42,185.0,174.0,157.0,172.0,7
2024-08-01,P1054,Cricket Bat,Sports & Fitness,200,437801.88,44,162.0,185.0,174.0,173.66666666666666,8
2024-09-01,P1054,Cricket Bat,Sports & Fitness,157,339864.03,42,200.0,162.0,185.0,182.33333333333334,9
2024-10-01,P1054,Cricket Bat,Sports & Fitness,184,403960.3,39,157.0,200.0,162.0,173.0,10
2024-11-01,P1054,Cricket Bat,Sports & Fitness,172,375538.83,39,184.0,157.0,200.0,180.33333333333334,11
2024-12-01,P1054,Cricket Bat,Sports & Fitness,152,332939.29000000004,37,172.0,184.0,157.0,171.0,12
2025-01-01,P1054,Cricket Bat,Sports & Fitness,175,378009.04,36,152.0,172.0,184.0,169.33333333333334,1
2025-02-01,P1054,Cricket Bat,Sports & Fitness,115,254417.77,36,175.0,152.0,172.0,166.33333333333334,2
2025-03-01,P1054,Cricket Bat,Sports & Fitness,170,373194.21,41,115.0,175.0,152.0,147.33333333333334,3
2025-04-01,P1054,Cricket Bat,Sports & Fitness,178,386794.13,44,170.0,115.0,175.0,153.33333333333334,4
2025-05-01,P1054,Cricket Bat,Sports & Fitness,185,403574.71,45,178.0,170.0,115.0,154.33333333333334,5
2025-06-01,P1054,Cricket Bat,Sports & Fitness,199,434981.64,43,185.0,178.0,170.0,177.66666666666666,6
2025-07-01,P1054,Cricket Bat,Sports & Fitness,175,380464.52,44,199.0,185.0,178.0,187.33333333333334,7
2025-08-01,P1054,Cricket Bat,Sports & Fitness,201,437951.38,44,175.0,199.0,185.0,186.33333333333334,8
2025-09-01,P1054,Cricket Bat,Sports & Fitness,168,366971.09,44,201.0,175.0,199.0,191.66666666666666,9
2024-01-01,P1055,Football,Sports & Fitness,220,1060117.88,41,244.0,239.0,249.0,244.0,1
2024-02-01,P1055,Football,Sports & Fitness,244,1155414.22,38,220.0,244.0,239.0,234.33333333333334,2
2024-03-01,P1055,Football,Sports & Fitness,198,941038.76,40,244.0,220.0,244.0,236.0,3
2024-04-01,P1055,Football,Sports & Fitness,232,1112266.17,40,198.0,244.0,220.0,220.66666666666666,4
2024-05-01,P1055,Football,Sports & Fitness,250,1189812.03,41,232.0,198.0,244.0,224.66666666666666,5
2024-06-01,P1055,Football,Sports & Fitness,256,1211813.2,45,250.0,232.0,198.0,226.66666666666666,6
2024-07-01,P1055,Football,Sports & Fitness,212,1015385.98,42,256.0,250.0,232.0,246.0,7
2024-08-01,P1055,Football,Sports & Fitness,282,1364122.33,44,212.0,256.0,250.0,239.33333333333334,8
2024-09-01,P1055,Football,Sports & Fitness,185,895929.98,35,282.0,212.0,256.0,250.0,9
2024-10-01,P1055,Football,Sports & Fitness,259,1240559.01,44,185.0,282.0,212.0,226.33333333333334,10
2024-11-01,P1055,Football,Sports & Fitness,265,1256821.17,41,259.0,185.0,282.0,242.0,11
2024-12-01,P1055,Football,Sports & Fitness,260,1239428.2,42,265.0,259.0,185.0,236.33333333333334,12
2025-01-01,P1055,Football,Sports & Fitness,236,1140750.99,38,260.0,265.0,259.0,261.3333333333333,1
2025-02-01,P1055,Football,Sports & Fitness,202,957421.27,42,236.0,260.0,265.0,253.66666666666666,2
2025-03-01,P1055,Football,Sports & Fitness,260,1237765.2,42,202.0,236.0,260.0,232.66666666666666,3
2025-04-01,P1055,Football,Sports & Fitness,219,1055118.19,45,260.0,202.0,236.0,232.66666666666666,4
2025-05-01,P1055,Football,Sports & Fitness,316,1509328.3,46,219.0,260.0,202.0,227.0,5
2025-06-01,P1055,Football,Sports & Fitness,277,1313422.27,42,316.0,219.0,260.0,265.0,6
2025-07-01,P1055,Football,Sports & Fitness,233,1119294.91,34,277.0,316.0,219.0,270.6666666666667,7
2025-08-01,P1055,Football,Sports & Fitness,260,1244361.37,42,233.0,277.0,316.0,275.3333333333333,8
2025-09-01,P1055,Football,Sports & Fitness,262,1256667.75,39,260.0,233.0,277.0,256.6666666666667,9
2024-01-01,P1056,Water Bottle,Sports & Fitness,533,2527979.63,47,602.0,466.0,448.0,505.3333333333333,1
2024-02-01,P1056,Water Bottle,Sports & Fitness,503,2386932.71,46,533.0,602.0,466.0,533.6666666666666,2
2024-03-01,P1056,Water Bottle,Sports & Fitness,528,2483455.48,45,503.0,533.0,602.0,546.0,3
2024-04-01,P1056,Water Bottle,Sports & Fitness,532,2524454.42,44,528.0,503.0,533.0,521.3333333333334,4
2024-05-01,P1056,Water Bottle,Sports & Fitness,632,3043353.85,46,532.0,528.0,503.0,521.0,5
2024-06-01,P1056,Water Bottle,Sports & Fitness,622,2948334.23,44,632.0,532.0,528.0,564.0,6
2024-07-01,P1056,Water Bottle,Sports & Fitness,590,2804867.53,46,622.0,632.0,532.0,595.3333333333334,7
2024-08-01,P1056,Water Bottle,Sports & Fitness,697,3310283.94,49,590.0,622.0,632.0,614.6666666666666,8
2024-09-01,P1056,Water Bottle,Sports & Fitness,522,2487365.73,48,697.0,590.0,622.0,636.3333333333334,9
2024-10-01,P1056,Water Bottle,Sports & Fitness,673,3131651.15,45,522.0,697.0,590.0,603.0,10
2024-11-01,P1056,Water Bottle,Sports & Fitness,565,2652153.03,43,673.0,522.0,697.0,630.6666666666666,11
2024-12-01,P1056,Water Bottle,Sports & Fitness,589,2820497.37,47,565.0,673.0,522.0,586.6666666666666,12
2025-01-01,P1056,Water Bottle,Sports & Fitness,662,3173956.72,46,589.0,565.0,673.0,609.0,1
2025-02-01,P1056,Water Bottle,Sports & Fitness,514,2454542.52,42,662.0,589.0,565.0,605.3333333333334,2
2025-03-01,P1056,Water Bottle,Sports & Fitness,662,3149965.83,46,514.0,662.0,589.0,588.3333333333334,3
2025-04-01,P1056,Water Bottle,Sports & Fitness,644,3062532.37,47,662.0,514.0,662.0,612.6666666666666,4
2025-05-01,P1056,Water Bottle,Sports & Fitness,701,3292274.63,46,644.0,662.0,514.0,606.6666666666666,5
2025-06-01,P1056,Water Bottle,Sports & Fitness,722,3412651.29,42,701.0,644.0,662.0,669.0,6
2025-07-01,P1056,Water Bottle,Sports & Fitness,770,3706008.28,45,722.0,701.0,644.0,689.0,7
2025-08-01,P1056,Water Bottle,Sports & Fitness,814,3856150.78,49,770.0,722.0,701.0,731.0,8
2025-09-01,P1056,Water Bottle,Sports & Fitness,777,3717469.2,40,814.0,770.0,722.0,768.6666666666666,9
2024-01-01,P1057,Fitness Tracker Band,Sports & Fitness,141,592825.06,39,111.0,153.0,148.0,137.33333333333334,1
2024-02-01,P1057,Fitness Tracker Band,Sports & Fitness,101,425719.29,30,141.0,111.0,153.0,135.0,2
2024-03-01,P1057,Fitness Tracker Band,Sports & Fitness,133,557013.82,39,101.0,141.0,111.0,117.66666666666667,3
2024-04-01,P1057,Fitness Tracker Band,Sports & Fitness,121,509281.44,37,133.0,101.0,141.0,125.0,4
2024-05-01,P1057,Fitness Tracker Band,Sports & Fitness,132,553386.86,38,121.0,133.0,101.0,118.33333333333333,5
2024-06-01,P1057,Fitness Tracker Band,Sports & Fitness,158,672909.62,45,132.0,121.0,133.0,128.66666666666666,6
2024-07-01,P1057,Fitness Tracker Band,Sports & Fitness,113,475290.28,35,158.0,132.0,121.0,137.0,7
2024-08-01,P1057,Fitness Tracker Band,Sports & Fitness,187,794606.05,44,113.0,158.0,132.0,134.33333333333334,8
2024-09-01,P1057,Fitness Tracker Band,Sports & Fitness,128,540543.93,39,187.0,113.0,158.0,152.66666666666666,9
2024-10-01,P1057,Fitness Tracker Band,Sports & Fitness,159,673895.4,42,128.0,187.0,113.0,142.66666666666666,10
2024-11-01,P1057,Fitness Tracker Band,Sports & Fitness,140,601709.07,39,159.0,128.0,187.0,158.0,11
2024-12-01,P1057,Fitness Tracker Band,Sports & Fitness,174,736088.27,43,140.0,159.0,128.0,142.33333333333334,12
2025-01-01,P1057,Fitness Tracker Band,Sports & Fitness,160,671509.15,40,174.0,140.0,159.0,157.66666666666666,1
2025-02-01,P1057,Fitness Tracker Band,Sports & Fitness,136,581546.35,43,160.0,174.0,140.0,158.0,2
2025-03-01,P1057,Fitness Tracker Band,Sports & Fitness,183,775129.48,42,136.0,160.0,174.0,156.66666666666666,3
2025-04-01,P1057,Fitness Tracker Band,Sports & Fitness,186,787880.94,43,183.0,136.0,160.0,159.66666666666666,4
2025-05-01,P1057,Fitness Tracker Band,Sports & Fitness,166,707227.13,47,186.0,183.0,136.0,168.33333333333334,5
2025-06-01,P1057,Fitness Tracker Band,Sports & Fitness,172,728729.01,39,166.0,186.0,183.0,178.33333333333334,6
2025-07-01,P1057,Fitness Tracker Band,Sports & Fitness,149,626747.23,44,172.0,166.0,186.0,174.66666666666666,7
2025-08-01,P1057,Fitness Tracker Band,Sports & Fitness,174,732742.51,46,149.0,172.0,166.0,162.33333333333334,8
2025-09-01,P1057,Fitness Tracker Band,Sports & Fitness,207,877206.86,44,174.0,149.0,172.0,165.0,9
2024-01-01,P1058,Gym Gloves,Sports & Fitness,80,122330.78,29,99.0,102.0,104.0,101.66666666666667,1
2024-02-01,P1058,Gym Gloves,Sports & Fitness,85,129415.81,33,80.0,99.0,102.0,93.66666666666667,2
2024-03-01,P1058,Gym Gloves,Sports & Fitness,100,151919.34,35,85.0,80.0,99.0,88.0,3
2024-04-01,P1058,Gym Gloves,Sports & Fitness,112,171286.92,33,100.0,85.0,80.0,88.33333333333333,4
2024-05-01,P1058,Gym Gloves,Sports & Fitness,105,160241.91,38,112.0,100.0,85.0,99.0,5
2024-06-01,P1058,Gym Gloves,Sports & Fitness,109,165502.64,35,105.0,112.0,100.0,105.66666666666667,6
2024-07-01,P1058,Gym Gloves,Sports & Fitness,126,190463.11,36,109.0,105.0,112.0,108.66666666666667,7
2024-08-01,P1058,Gym Gloves,Sports & Fitness,122,189135.62,36,126.0,109.0,105.0,113.33333333333333,8
2024-09-01,P1058,Gym Gloves,Sports & Fitness,107,162437.66999999998,37,122.0,126.0,109.0,119.0,9
2024-10-01,P1058,Gym Gloves,Sports & Fitness,111,169812.53,34,107.0,122.0,126.0,118.33333333333333,10
2024-11-01,P1058,Gym Gloves,Sports & Fitness,118,179504.6,36,111.0,107.0,122.0,113.33333333333333,11
2024-12-01,P1058,Gym Gloves,Sports & Fitness,117,177607.78,33,118.0,111.0,107.0,112.0,12
2025-01-01,P1058,Gym Gloves,Sports & Fitness,122,184809.51,39,117.0,118.0,111.0,115.33333333333333,1
2025-02-01,P1058,Gym Gloves,Sports & Fitness,113,172480.27,33,122.0,117.0,118.0,119.0,2
2025-03-01,P1058,Gym Gloves,Sports & Fitness,135,204964.25,40,113.0,122.0,117.0,117.33333333333333,3
2025-04-01,P1058,Gym Gloves,Sports & Fitness,130,198707.95,40,135.0,113.0,122.0,123.33333333333333,4
2025-05-01,P1058,Gym Gloves,Sports & Fitness,125,189631.79,40,130.0,135.0,113.0,126.0,5
2025-06-01,P1058,Gym Gloves,Sports & Fitness,113,172846.19,39,125.0,130.0,135.0,130.0,6
2025-07-01,P1058,Gym Gloves,Sports & Fitness,147,224227.15,43,113.0,125.0,130.0,122.66666666666667,7
2025-08-01,P1058,Gym Gloves,Sports & Fitness,176,268289.58,44,147.0,113.0,125.0,128.33333333333334,8
2025-09-01,P1058,Gym Gloves,Sports & Fitness,156,238985.17,38,176.0,147.0,113.0,145.33333333333334,9
2024-01-01,P1059,Badminton Racket,Sports & Fitness,292,573956.6799999999,42,340.0,326.0,319.0,328.3333333333333,1
2024-02-01,P1059,Badminton Racket,Sports & Fitness,245,485626.89,44,292.0,340.0,326.0,319.3333333333333,2
2024-03-01,P1059,Badminton Racket,Sports & Fitness,329,653563.5,50,245.0,292.0,340.0,292.3333333333333,3
2024-04-01,P1059,Badminton Racket,Sports & Fitness,315,620654.52,41,329.0,245.0,292.0,288.6666666666667,4
2024-05-01,P1059,Badminton Racket,Sports & Fitness,310,608556.21,46,315.0,329.0,245.0,296.3333333333333,5
2024-06-01,P1059,Badminton Racket,Sports & Fitness,246,486065.92,44,310.0,315.0,329.0,318.0,6
2024-07-01,P1059,Badminton Racket,Sports & Fitness,300,595325.7999999999,48,246.0,310.0,315.0,290.3333333333333,7
2024-08-01,P1059,Badminton Racket,Sports & Fitness,285,552581.88,47,300.0,246.0,310.0,285.3333333333333,8
2024-09-01,P1059,Badminton Racket,Sports & Fitness,231,453525.91,40,285.0,300.0,246.0,277.0,9
2024-10-01,P1059,Badminton Racket,Sports & Fitness,329,652385.22,47,231.0,285.0,300.0,272.0,10
2024-11-01,P1059,Badminton Racket,Sports & Fitness,246,484927.03,43,329.0,231.0,285.0,281.6666666666667,11
2024-12-01,P1059,Badminton Racket,Sports & Fitness,274,532752.85,45,246.0,329.0,231.0,268.6666666666667,12
2025-01-01,P1059,Badminton Racket,Sports & Fitness,264,520198.08,42,274.0,246.0,329.0,283.0,1
2025-02-01,P1059,Badminton Racket,Sports & Fitness,164,318924.99,39,264.0,274.0,246.0,261.3333333333333,2
2025-03-01,P1059,Badminton Racket,Sports & Fitness,204,411208.96,45,164.0,264.0,274.0,234.0,3
2025-04-01,P1059,Badminton Racket,Sports & Fitness,220,434715.89,39,204.0,164.0,264.0,210.66666666666666,4
2025-05-01,P1059,Badminton Racket,Sports & Fitness,236,464843.11,44,220.0,204.0,164.0,196.0,5
2025-06-01,P1059,Badminton Racket,Sports & Fitness,220,436833.36,39,236.0,220.0,204.0,220.0,6
2025-07-01,P1059,Badminton Racket,Sports & Fitness,206,406367.15,42,220.0,236.0,220.0,225.33333333333334,7
2025-08-01,P1059,Badminton Racket,Sports & Fitness,243,480293.0,48,206.0,220.0,236.0,220.66666666666666,8
2025-09-01,P1059,Badminton Racket,Sports & Fitness,202,393860.71,40,243.0,206.0,220.0,223.0,9
